mode: atomic
github.com/agglayer/aggkit/aggsender/trigger/types/epoch_notifier.go:22.38,24.2 1 1
github.com/agglayer/aggkit/aggsender/trigger/types/epoch_notifier.go:26.37,28.2 1 0
github.com/agglayer/aggkit/aggsender/aggsender.go:74.23,76.16 2 1
github.com/agglayer/aggkit/aggsender/aggsender.go:76.16,78.3 1 0
github.com/agglayer/aggkit/aggsender/aggsender.go:80.2,80.22 1 1
github.com/agglayer/aggkit/aggsender/aggsender.go:80.22,83.3 2 0
github.com/agglayer/aggkit/aggsender/aggsender.go:85.2,93.16 2 1
github.com/agglayer/aggkit/aggsender/aggsender.go:93.16,95.3 1 0
github.com/agglayer/aggkit/aggsender/aggsender.go:97.2,109.3 1 1
github.com/agglayer/aggkit/aggsender/aggsender.go:125.23,132.16 3 2
github.com/agglayer/aggkit/aggsender/aggsender.go:132.16,134.3 1 0
github.com/agglayer/aggkit/aggsender/aggsender.go:136.2,138.16 2 2
github.com/agglayer/aggkit/aggsender/aggsender.go:138.16,140.3 1 0
github.com/agglayer/aggkit/aggsender/aggsender.go:142.2,161.16 3 2
github.com/agglayer/aggkit/aggsender/aggsender.go:161.16,163.3 1 0
github.com/agglayer/aggkit/aggsender/aggsender.go:165.2,171.53 3 2
github.com/agglayer/aggkit/aggsender/aggsender.go:171.53,173.4 1 1
github.com/agglayer/aggkit/aggsender/aggsender.go:177.2,183.16 2 2
github.com/agglayer/aggkit/aggsender/aggsender.go:183.16,185.3 1 0
github.com/agglayer/aggkit/aggsender/aggsender.go:187.2,189.16 2 2
github.com/agglayer/aggkit/aggsender/aggsender.go:189.16,191.3 1 0
github.com/agglayer/aggkit/aggsender/aggsender.go:193.2,229.8 2 2
github.com/agglayer/aggkit/aggsender/aggsender.go:232.48,241.2 2 0
github.com/agglayer/aggkit/aggsender/aggsender.go:243.47,245.2 1 0
github.com/agglayer/aggkit/aggsender/aggsender.go:248.53,249.22 1 0
github.com/agglayer/aggkit/aggsender/aggsender.go:249.22,251.3 1 0
github.com/agglayer/aggkit/aggsender/aggsender.go:253.2,264.3 2 0
github.com/agglayer/aggkit/aggsender/aggsender.go:268.48,273.38 4 3
github.com/agglayer/aggkit/aggsender/aggsender.go:273.38,276.3 2 0
github.com/agglayer/aggkit/aggsender/aggsender.go:278.2,280.55 3 3
github.com/agglayer/aggkit/aggsender/aggsender.go:280.55,282.3 1 1
github.com/agglayer/aggkit/aggsender/aggsender.go:285.2,288.28 2 1
github.com/agglayer/aggkit/aggsender/aggsender.go:291.63,292.43 1 4
github.com/agglayer/aggkit/aggsender/aggsender.go:292.43,295.3 2 2
github.com/agglayer/aggkit/aggsender/aggsender.go:296.2,296.71 1 2
github.com/agglayer/aggkit/aggsender/aggsender.go:296.71,298.3 1 1
github.com/agglayer/aggkit/aggsender/aggsender.go:301.66,302.39 1 5
github.com/agglayer/aggkit/aggsender/aggsender.go:302.39,304.49 2 0
github.com/agglayer/aggkit/aggsender/aggsender.go:304.49,308.4 1 0
github.com/agglayer/aggkit/aggsender/aggsender.go:313.87,317.55 3 7
github.com/agglayer/aggkit/aggsender/aggsender.go:317.55,321.3 3 1
github.com/agglayer/aggkit/aggsender/aggsender.go:321.8,326.3 4 6
github.com/agglayer/aggkit/aggsender/aggsender.go:328.2,330.6 3 7
github.com/agglayer/aggkit/aggsender/aggsender.go:330.6,331.10 1 9
github.com/agglayer/aggkit/aggsender/aggsender.go:332.27,338.18 4 1
github.com/agglayer/aggkit/aggsender/aggsender.go:338.18,341.5 2 0
github.com/agglayer/aggkit/aggsender/aggsender.go:341.10,341.80 1 1
github.com/agglayer/aggkit/aggsender/aggsender.go:341.80,342.36 1 1
github.com/agglayer/aggkit/aggsender/aggsender.go:342.36,346.20 4 1
github.com/agglayer/aggkit/aggsender/aggsender.go:346.20,348.7 1 0
github.com/agglayer/aggkit/aggsender/aggsender.go:349.6,349.46 1 1
github.com/agglayer/aggkit/aggsender/aggsender.go:350.11,352.6 1 0
github.com/agglayer/aggkit/aggsender/aggsender.go:355.4,355.73 1 1
github.com/agglayer/aggkit/aggsender/aggsender.go:355.73,358.5 2 1
github.com/agglayer/aggkit/aggsender/aggsender.go:360.4,360.74 1 0
github.com/agglayer/aggkit/aggsender/aggsender.go:360.74,363.5 2 0
github.com/agglayer/aggkit/aggsender/aggsender.go:365.40,369.18 4 6
github.com/agglayer/aggkit/aggsender/aggsender.go:369.18,372.5 2 1
github.com/agglayer/aggkit/aggsender/aggsender.go:372.10,373.39 1 5
github.com/agglayer/aggkit/aggsender/aggsender.go:373.39,375.20 2 4
github.com/agglayer/aggkit/aggsender/aggsender.go:375.20,378.7 2 2
github.com/agglayer/aggkit/aggsender/aggsender.go:379.11,381.6 1 1
github.com/agglayer/aggkit/aggsender/aggsender.go:384.4,384.73 1 6
github.com/agglayer/aggkit/aggsender/aggsender.go:384.73,387.5 2 4
github.com/agglayer/aggkit/aggsender/aggsender.go:388.21,390.10 2 2
github.com/agglayer/aggkit/aggsender/aggsender.go:395.105,397.16 2 4
github.com/agglayer/aggkit/aggsender/aggsender.go:397.16,399.3 1 0
github.com/agglayer/aggkit/aggsender/aggsender.go:400.2,404.46 1 4
github.com/agglayer/aggkit/aggsender/aggsender.go:404.46,407.18 3 6
github.com/agglayer/aggkit/aggsender/aggsender.go:407.18,409.5 1 4
github.com/agglayer/aggkit/aggsender/aggsender.go:411.4,411.41 1 6
github.com/agglayer/aggkit/aggsender/aggsender.go:411.41,413.5 1 0
github.com/agglayer/aggkit/aggsender/aggsender.go:414.4,414.20 1 6
github.com/agglayer/aggkit/aggsender/aggsender.go:417.2,418.18 2 4
github.com/agglayer/aggkit/aggsender/aggsender.go:422.94,429.16 5 16
github.com/agglayer/aggkit/aggsender/aggsender.go:429.16,431.3 1 5
github.com/agglayer/aggkit/aggsender/aggsender.go:433.2,433.30 1 11
github.com/agglayer/aggkit/aggsender/aggsender.go:433.30,435.3 1 4
github.com/agglayer/aggkit/aggsender/aggsender.go:437.2,438.16 2 7
github.com/agglayer/aggkit/aggsender/aggsender.go:438.16,440.3 1 1
github.com/agglayer/aggkit/aggsender/aggsender.go:442.2,442.116 1 6
github.com/agglayer/aggkit/aggsender/aggsender.go:442.116,444.3 1 0
github.com/agglayer/aggkit/aggsender/aggsender.go:446.2,450.16 2 6
github.com/agglayer/aggkit/aggsender/aggsender.go:450.16,452.3 1 1
github.com/agglayer/aggkit/aggsender/aggsender.go:454.2,454.73 1 5
github.com/agglayer/aggkit/aggsender/aggsender.go:454.73,456.3 1 0
github.com/agglayer/aggkit/aggsender/aggsender.go:458.2,462.18 3 5
github.com/agglayer/aggkit/aggsender/aggsender.go:462.18,465.3 2 0
github.com/agglayer/aggkit/aggsender/aggsender.go:467.2,468.16 2 5
github.com/agglayer/aggkit/aggsender/aggsender.go:468.16,472.3 2 1
github.com/agglayer/aggkit/aggsender/aggsender.go:474.2,479.16 4 4
github.com/agglayer/aggkit/aggsender/aggsender.go:479.16,481.3 1 0
github.com/agglayer/aggkit/aggsender/aggsender.go:483.2,508.16 5 4
github.com/agglayer/aggkit/aggsender/aggsender.go:508.16,511.3 2 1
github.com/agglayer/aggkit/aggsender/aggsender.go:513.2,516.25 2 3
github.com/agglayer/aggkit/aggsender/aggsender.go:521.113,524.17 3 4
github.com/agglayer/aggkit/aggsender/aggsender.go:524.17,525.69 1 4
github.com/agglayer/aggkit/aggsender/aggsender.go:525.69,528.29 2 1
github.com/agglayer/aggkit/aggsender/aggsender.go:528.29,530.5 1 1
github.com/agglayer/aggkit/aggsender/aggsender.go:530.10,533.5 2 0
github.com/agglayer/aggkit/aggsender/aggsender.go:536.2,536.12 1 3
github.com/agglayer/aggkit/aggsender/aggsender.go:544.19,546.16 2 1
github.com/agglayer/aggkit/aggsender/aggsender.go:546.16,549.3 2 0
github.com/agglayer/aggkit/aggsender/aggsender.go:551.2,551.83 1 1
github.com/agglayer/aggkit/aggsender/aggsender.go:551.83,553.3 1 0
github.com/agglayer/aggkit/aggsender/aggsender_validator.go:38.58,42.16 3 0
github.com/agglayer/aggkit/aggsender/aggsender_validator.go:42.16,44.3 1 0
github.com/agglayer/aggkit/aggsender/aggsender_validator.go:46.2,57.8 2 0
github.com/agglayer/aggkit/aggsender/aggsender_validator.go:59.57,62.2 2 0
github.com/agglayer/aggkit/aggsender/aggsender_validator.go:65.113,67.2 1 0
github.com/agglayer/aggkit/aggsender/validator_poller.go:41.20,49.2 1 12
github.com/agglayer/aggkit/aggsender/validator_poller.go:59.38,60.14 1 6
github.com/agglayer/aggkit/aggsender/validator_poller.go:60.14,62.3 1 0
github.com/agglayer/aggkit/aggsender/validator_poller.go:63.2,63.18 1 6
github.com/agglayer/aggkit/aggsender/validator_poller.go:63.18,66.3 1 3
github.com/agglayer/aggkit/aggsender/validator_poller.go:67.2,68.62 1 3
github.com/agglayer/aggkit/aggsender/validator_poller.go:73.86,74.48 1 2
github.com/agglayer/aggkit/aggsender/validator_poller.go:74.48,76.3 1 1
github.com/agglayer/aggkit/aggsender/validator_poller.go:78.2,81.16 3 1
github.com/agglayer/aggkit/aggsender/validator_poller.go:81.16,83.3 1 1
github.com/agglayer/aggkit/aggsender/validator_poller.go:85.2,85.59 1 0
github.com/agglayer/aggkit/aggsender/validator_poller.go:93.84,99.2 4 3
github.com/agglayer/aggkit/aggsender/validator_poller.go:102.80,103.16 1 6
github.com/agglayer/aggkit/aggsender/validator_poller.go:103.16,105.3 1 2
github.com/agglayer/aggkit/aggsender/validator_poller.go:106.2,106.28 1 4
github.com/agglayer/aggkit/aggsender/validator_poller.go:106.28,108.3 1 1
github.com/agglayer/aggkit/aggsender/validator_poller.go:109.2,109.32 1 3
github.com/agglayer/aggkit/aggsender/validator_poller.go:109.32,111.3 1 1
github.com/agglayer/aggkit/aggsender/validator_poller.go:112.2,112.12 1 2
github.com/agglayer/aggkit/aggsender/validator_poller.go:117.117,119.16 2 6
github.com/agglayer/aggkit/aggsender/validator_poller.go:119.16,121.3 1 1
github.com/agglayer/aggkit/aggsender/validator_poller.go:123.2,124.45 2 5
github.com/agglayer/aggkit/aggsender/validator_poller.go:124.45,127.17 3 6
github.com/agglayer/aggkit/aggsender/validator_poller.go:127.17,130.4 1 0
github.com/agglayer/aggkit/aggsender/validator_poller.go:132.3,132.45 1 6
github.com/agglayer/aggkit/aggsender/validator_poller.go:135.2,135.26 1 5
github.com/agglayer/aggkit/aggsender/validator_poller.go:135.26,137.3 1 2
github.com/agglayer/aggkit/aggsender/validator_poller.go:139.2,141.46 3 3
github.com/agglayer/aggkit/aggsender/validator_poller.go:141.46,144.3 1 1
github.com/agglayer/aggkit/aggsender/validator_poller.go:145.2,145.47 1 2
github.com/agglayer/aggkit/aggsender/validator_poller.go:154.21,160.39 4 3
github.com/agglayer/aggkit/aggsender/validator_poller.go:160.39,162.57 2 7
github.com/agglayer/aggkit/aggsender/validator_poller.go:162.57,165.11 2 7
github.com/agglayer/aggkit/aggsender/validator_poller.go:166.22,167.11 1 0
github.com/agglayer/aggkit/aggsender/validator_poller.go:168.12,168.12 0 7
github.com/agglayer/aggkit/aggsender/validator_poller.go:170.4,172.113 3 7
github.com/agglayer/aggkit/aggsender/validator_poller.go:176.2,176.12 1 3
github.com/agglayer/aggkit/aggsender/validator_poller.go:176.12,180.3 3 3
github.com/agglayer/aggkit/aggsender/validator_poller.go:182.2,182.18 1 3
github.com/agglayer/aggkit/aggsender/validator_poller.go:191.19,192.62 1 9
github.com/agglayer/aggkit/aggsender/validator_poller.go:192.62,195.3 1 1
github.com/agglayer/aggkit/aggsender/validator_poller.go:198.2,198.75 1 8
github.com/agglayer/aggkit/aggsender/validator_poller.go:205.19,207.16 2 4
github.com/agglayer/aggkit/aggsender/validator_poller.go:207.16,209.3 1 1
github.com/agglayer/aggkit/aggsender/validator_poller.go:211.2,211.52 1 3
github.com/agglayer/aggkit/aggsender/validator_poller.go:220.36,226.29 3 3
github.com/agglayer/aggkit/aggsender/validator_poller.go:226.29,227.21 1 6
github.com/agglayer/aggkit/aggsender/validator_poller.go:227.21,231.12 4 3
github.com/agglayer/aggkit/aggsender/validator_poller.go:234.3,234.42 1 3
github.com/agglayer/aggkit/aggsender/validator_poller.go:234.42,240.12 5 0
github.com/agglayer/aggkit/aggsender/validator_poller.go:242.3,248.52 3 3
github.com/agglayer/aggkit/aggsender/validator_poller.go:248.52,251.9 3 2
github.com/agglayer/aggkit/aggsender/validator_poller.go:255.2,255.63 1 3
github.com/agglayer/aggkit/aggsender/validator_poller.go:259.68,261.2 1 8
github.com/agglayer/aggkit/aggsender/validator_poller.go:269.36,270.50 1 6
github.com/agglayer/aggkit/aggsender/validator_poller.go:270.50,274.3 2 2
github.com/agglayer/aggkit/aggsender/validator_poller.go:276.2,279.22 2 4
github.com/agglayer/aggkit/aggsender/aggchainproofclient/aggchain_proof_client.go:26.89,28.16 2 0
github.com/agglayer/aggkit/aggsender/aggchainproofclient/aggchain_proof_client.go:28.16,30.3 1 0
github.com/agglayer/aggkit/aggsender/aggchainproofclient/aggchain_proof_client.go:31.2,34.8 1 0
github.com/agglayer/aggkit/aggsender/aggchainproofclient/aggchain_proof_client.go:38.65,43.16 5 2
github.com/agglayer/aggkit/aggsender/aggchainproofclient/aggchain_proof_client.go:43.16,45.3 1 1
github.com/agglayer/aggkit/aggsender/aggchainproofclient/aggchain_proof_client.go:47.2,48.9 2 1
github.com/agglayer/aggkit/aggsender/aggchainproofclient/aggchain_proof_client.go:48.9,50.3 1 0
github.com/agglayer/aggkit/aggsender/aggchainproofclient/aggchain_proof_client.go:52.2,64.8 1 1
github.com/agglayer/aggkit/aggsender/aggchainproofclient/aggchain_proof_client.go:68.50,78.16 5 0
github.com/agglayer/aggkit/aggsender/aggchainproofclient/aggchain_proof_client.go:78.16,80.3 1 0
github.com/agglayer/aggkit/aggsender/aggchainproofclient/aggchain_proof_client.go:82.2,83.9 2 0
github.com/agglayer/aggkit/aggsender/aggchainproofclient/aggchain_proof_client.go:83.9,85.3 1 0
github.com/agglayer/aggkit/aggsender/aggchainproofclient/aggchain_proof_client.go:87.2,99.8 1 0
github.com/agglayer/aggkit/aggsender/aggchainproofclient/aggchain_proof_client.go:104.53,117.52 3 2
github.com/agglayer/aggkit/aggsender/aggchainproofclient/aggchain_proof_client.go:117.52,121.3 1 64
github.com/agglayer/aggkit/aggsender/aggchainproofclient/aggchain_proof_client.go:122.2,128.49 3 2
github.com/agglayer/aggkit/aggsender/aggchainproofclient/aggchain_proof_client.go:128.49,130.47 2 1
github.com/agglayer/aggkit/aggsender/aggchainproofclient/aggchain_proof_client.go:130.47,134.4 1 32
github.com/agglayer/aggkit/aggsender/aggchainproofclient/aggchain_proof_client.go:135.3,162.4 1 1
github.com/agglayer/aggkit/aggsender/aggchainproofclient/aggchain_proof_client.go:165.2,167.91 2 2
github.com/agglayer/aggkit/aggsender/aggchainproofclient/aggchain_proof_client.go:167.91,182.3 1 2
github.com/agglayer/aggkit/aggsender/aggchainproofclient/aggchain_proof_client.go:184.2,185.45 2 2
github.com/agglayer/aggkit/aggsender/aggchainproofclient/aggchain_proof_client.go:185.45,193.3 1 4
github.com/agglayer/aggkit/aggsender/aggchainproofclient/aggchain_proof_client.go:195.2,196.39 2 2
github.com/agglayer/aggkit/aggsender/aggchainproofclient/aggchain_proof_client.go:196.39,208.3 1 4
github.com/agglayer/aggkit/aggsender/aggchainproofclient/aggchain_proof_client.go:210.2,222.16 2 2
github.com/agglayer/aggkit/aggsender/config/config.go:29.55,34.2 1 1
github.com/agglayer/aggkit/aggsender/config/config.go:36.45,41.2 1 3
github.com/agglayer/aggkit/aggsender/config/config.go:43.46,44.45 1 6
github.com/agglayer/aggkit/aggsender/config/config.go:44.45,46.3 1 2
github.com/agglayer/aggkit/aggsender/config/config.go:47.2,47.51 1 4
github.com/agglayer/aggkit/aggsender/config/config.go:47.51,49.3 1 2
github.com/agglayer/aggkit/aggsender/config/config.go:50.2,50.12 1 2
github.com/agglayer/aggkit/aggsender/config/config.go:62.50,64.2 1 1
github.com/agglayer/aggkit/aggsender/config/config.go:162.53,164.2 1 0
github.com/agglayer/aggkit/aggsender/config/config.go:167.33,186.2 1 1
github.com/agglayer/aggkit/aggsender/config/config.go:189.34,190.52 1 4
github.com/agglayer/aggkit/aggsender/config/config.go:190.52,192.3 1 1
github.com/agglayer/aggkit/aggsender/config/config.go:194.2,194.48 1 3
github.com/agglayer/aggkit/aggsender/config/config.go:194.48,195.57 1 1
github.com/agglayer/aggkit/aggsender/config/config.go:195.57,197.4 1 1
github.com/agglayer/aggkit/aggsender/config/config.go:199.2,199.70 1 2
github.com/agglayer/aggkit/aggsender/config/config.go:199.70,201.3 1 0
github.com/agglayer/aggkit/aggsender/config/config.go:202.2,202.69 1 2
github.com/agglayer/aggkit/aggsender/config/config.go:202.69,204.3 1 0
github.com/agglayer/aggkit/aggsender/config/config.go:205.2,205.64 1 2
github.com/agglayer/aggkit/aggsender/config/config.go:205.64,207.3 1 1
github.com/agglayer/aggkit/aggsender/config/config.go:208.2,208.53 1 1
github.com/agglayer/aggkit/aggsender/config/config.go:208.53,210.3 1 0
github.com/agglayer/aggkit/aggsender/config/config.go:211.2,211.12 1 1
github.com/agglayer/aggkit/aggsender/converters/bridge_exit_converter.go:13.78,27.2 2 3
github.com/agglayer/aggkit/aggsender/converters/bridge_exit_converter.go:34.84,37.33 2 3
github.com/agglayer/aggkit/aggsender/converters/bridge_exit_converter.go:37.33,39.3 1 3
github.com/agglayer/aggkit/aggsender/converters/bridge_exit_converter.go:41.2,41.20 1 3
github.com/agglayer/aggkit/aggsender/converters/bridge_exit_converter.go:47.52,49.2 1 11
github.com/agglayer/aggkit/aggsender/converters/cert_header_converter.go:10.116,11.17 1 2
github.com/agglayer/aggkit/aggsender/converters/cert_header_converter.go:11.17,13.3 1 1
github.com/agglayer/aggkit/aggsender/converters/cert_header_converter.go:15.2,28.8 1 1
github.com/agglayer/aggkit/aggsender/converters/cert_header_converter.go:33.53,34.17 1 2
github.com/agglayer/aggkit/aggsender/converters/cert_header_converter.go:34.17,36.3 1 1
github.com/agglayer/aggkit/aggsender/converters/cert_header_converter.go:38.2,46.3 1 1
github.com/agglayer/aggkit/aggsender/converters/imported_bridge_exit_converter.go:22.69,26.16 3 8
github.com/agglayer/aggkit/aggsender/converters/imported_bridge_exit_converter.go:26.16,28.3 1 0
github.com/agglayer/aggkit/aggsender/converters/imported_bridge_exit_converter.go:30.2,37.8 1 8
github.com/agglayer/aggkit/aggsender/converters/imported_bridge_exit_converter.go:52.83,54.21 2 8
github.com/agglayer/aggkit/aggsender/converters/imported_bridge_exit_converter.go:54.21,56.3 1 3
github.com/agglayer/aggkit/aggsender/converters/imported_bridge_exit_converter.go:57.2,69.3 2 8
github.com/agglayer/aggkit/aggsender/converters/imported_bridge_exit_converter.go:90.92,92.16 2 4
github.com/agglayer/aggkit/aggsender/converters/imported_bridge_exit_converter.go:92.16,94.3 1 0
github.com/agglayer/aggkit/aggsender/converters/imported_bridge_exit_converter.go:96.2,98.16 2 4
github.com/agglayer/aggkit/aggsender/converters/imported_bridge_exit_converter.go:98.16,103.3 1 1
github.com/agglayer/aggkit/aggsender/converters/imported_bridge_exit_converter.go:105.2,105.33 1 3
github.com/agglayer/aggkit/aggsender/converters/imported_bridge_exit_converter.go:105.33,126.3 1 1
github.com/agglayer/aggkit/aggsender/converters/imported_bridge_exit_converter.go:126.8,152.3 1 2
github.com/agglayer/aggkit/aggsender/converters/imported_bridge_exit_converter.go:154.2,154.17 1 3
github.com/agglayer/aggkit/aggsender/converters/imported_bridge_exit_converter.go:177.48,178.22 1 4
github.com/agglayer/aggkit/aggsender/converters/imported_bridge_exit_converter.go:178.22,181.3 1 1
github.com/agglayer/aggkit/aggsender/converters/imported_bridge_exit_converter.go:183.2,185.31 2 3
github.com/agglayer/aggkit/aggsender/converters/imported_bridge_exit_converter.go:185.31,187.17 2 4
github.com/agglayer/aggkit/aggsender/converters/imported_bridge_exit_converter.go:187.17,189.4 1 1
github.com/agglayer/aggkit/aggsender/converters/imported_bridge_exit_converter.go:191.3,191.57 1 3
github.com/agglayer/aggkit/aggsender/converters/imported_bridge_exit_converter.go:194.2,194.33 1 2
github.com/agglayer/aggkit/aggsender/converters/imported_bridge_exit_converter.go:212.48,213.22 1 2
github.com/agglayer/aggkit/aggsender/converters/imported_bridge_exit_converter.go:213.22,216.3 1 1
github.com/agglayer/aggkit/aggsender/converters/imported_bridge_exit_converter.go:218.2,220.31 2 1
github.com/agglayer/aggkit/aggsender/converters/imported_bridge_exit_converter.go:220.31,222.17 2 2
github.com/agglayer/aggkit/aggsender/converters/imported_bridge_exit_converter.go:222.17,224.4 1 0
github.com/agglayer/aggkit/aggsender/converters/imported_bridge_exit_converter.go:226.3,226.57 1 2
github.com/agglayer/aggkit/aggsender/converters/imported_bridge_exit_converter.go:229.2,229.33 1 1
github.com/agglayer/aggkit/aggsender/db/migrations/migrations.go:43.72,45.2 1 2
github.com/agglayer/aggkit/aggsender/db/aggsender_db_storage.go:49.38,51.2 1 0
github.com/agglayer/aggkit/aggsender/db/aggsender_db_storage.go:53.78,54.38 1 6
github.com/agglayer/aggkit/aggsender/db/aggsender_db_storage.go:54.38,56.3 1 4
github.com/agglayer/aggkit/aggsender/db/aggsender_db_storage.go:57.2,57.17 1 2
github.com/agglayer/aggkit/aggsender/db/aggsender_db_storage.go:126.118,128.16 2 24
github.com/agglayer/aggkit/aggsender/db/aggsender_db_storage.go:128.16,130.3 1 0
github.com/agglayer/aggkit/aggsender/db/aggsender_db_storage.go:131.2,131.67 1 24
github.com/agglayer/aggkit/aggsender/db/aggsender_db_storage.go:131.67,133.3 1 0
github.com/agglayer/aggkit/aggsender/db/aggsender_db_storage.go:135.2,140.56 1 24
github.com/agglayer/aggkit/aggsender/db/aggsender_db_storage.go:145.82,150.23 3 4
github.com/agglayer/aggkit/aggsender/db/aggsender_db_storage.go:150.23,153.27 2 4
github.com/agglayer/aggkit/aggsender/db/aggsender_db_storage.go:153.27,156.4 2 5
github.com/agglayer/aggkit/aggsender/db/aggsender_db_storage.go:159.3,159.70 1 4
github.com/agglayer/aggkit/aggsender/db/aggsender_db_storage.go:163.2,165.59 2 4
github.com/agglayer/aggkit/aggsender/db/aggsender_db_storage.go:169.68,170.15 1 10
github.com/agglayer/aggkit/aggsender/db/aggsender_db_storage.go:170.15,172.3 1 10
github.com/agglayer/aggkit/aggsender/db/aggsender_db_storage.go:173.2,174.21 2 10
github.com/agglayer/aggkit/aggsender/db/aggsender_db_storage.go:174.21,176.3 1 4
github.com/agglayer/aggkit/aggsender/db/aggsender_db_storage.go:177.2,178.76 2 10
github.com/agglayer/aggkit/aggsender/db/aggsender_db_storage.go:178.76,180.3 1 0
github.com/agglayer/aggkit/aggsender/db/aggsender_db_storage.go:181.2,181.26 1 10
github.com/agglayer/aggkit/aggsender/db/aggsender_db_storage.go:185.97,187.16 2 25
github.com/agglayer/aggkit/aggsender/db/aggsender_db_storage.go:187.16,189.3 1 8
github.com/agglayer/aggkit/aggsender/db/aggsender_db_storage.go:191.2,191.21 1 17
github.com/agglayer/aggkit/aggsender/db/aggsender_db_storage.go:191.21,193.3 1 1
github.com/agglayer/aggkit/aggsender/db/aggsender_db_storage.go:195.2,195.33 1 16
github.com/agglayer/aggkit/aggsender/db/aggsender_db_storage.go:199.109,202.91 2 2
github.com/agglayer/aggkit/aggsender/db/aggsender_db_storage.go:202.91,204.3 1 1
github.com/agglayer/aggkit/aggsender/db/aggsender_db_storage.go:205.2,205.32 1 1
github.com/agglayer/aggkit/aggsender/db/aggsender_db_storage.go:210.43,213.76 2 25
github.com/agglayer/aggkit/aggsender/db/aggsender_db_storage.go:213.76,215.3 1 9
github.com/agglayer/aggkit/aggsender/db/aggsender_db_storage.go:216.2,216.30 1 16
github.com/agglayer/aggkit/aggsender/db/aggsender_db_storage.go:221.45,224.82 2 30
github.com/agglayer/aggkit/aggsender/db/aggsender_db_storage.go:224.82,226.3 1 0
github.com/agglayer/aggkit/aggsender/db/aggsender_db_storage.go:227.2,227.26 1 30
github.com/agglayer/aggkit/aggsender/db/aggsender_db_storage.go:232.44,238.108 3 16
github.com/agglayer/aggkit/aggsender/db/aggsender_db_storage.go:238.108,240.3 1 0
github.com/agglayer/aggkit/aggsender/db/aggsender_db_storage.go:241.2,242.27 2 16
github.com/agglayer/aggkit/aggsender/db/aggsender_db_storage.go:242.27,244.3 1 9
github.com/agglayer/aggkit/aggsender/db/aggsender_db_storage.go:245.2,245.17 1 16
github.com/agglayer/aggkit/aggsender/db/aggsender_db_storage.go:248.90,250.106 1 8
github.com/agglayer/aggkit/aggsender/db/aggsender_db_storage.go:250.106,252.3 1 0
github.com/agglayer/aggkit/aggsender/db/aggsender_db_storage.go:253.2,253.12 1 8
github.com/agglayer/aggkit/aggsender/db/aggsender_db_storage.go:257.84,260.79 2 2
github.com/agglayer/aggkit/aggsender/db/aggsender_db_storage.go:260.79,262.3 1 1
github.com/agglayer/aggkit/aggsender/db/aggsender_db_storage.go:264.2,264.40 1 1
github.com/agglayer/aggkit/aggsender/db/aggsender_db_storage.go:268.96,271.94 2 2
github.com/agglayer/aggkit/aggsender/db/aggsender_db_storage.go:271.94,273.3 1 1
github.com/agglayer/aggkit/aggsender/db/aggsender_db_storage.go:274.2,274.32 1 1
github.com/agglayer/aggkit/aggsender/db/aggsender_db_storage.go:278.93,282.38 2 4
github.com/agglayer/aggkit/aggsender/db/aggsender_db_storage.go:282.38,283.36 1 2
github.com/agglayer/aggkit/aggsender/db/aggsender_db_storage.go:283.36,285.4 1 1
github.com/agglayer/aggkit/aggsender/db/aggsender_db_storage.go:286.3,286.76 1 1
github.com/agglayer/aggkit/aggsender/db/aggsender_db_storage.go:288.2,288.32 1 2
github.com/agglayer/aggkit/aggsender/db/aggsender_db_storage.go:293.109,295.16 2 3
github.com/agglayer/aggkit/aggsender/db/aggsender_db_storage.go:295.16,297.3 1 1
github.com/agglayer/aggkit/aggsender/db/aggsender_db_storage.go:298.2,298.50 1 2
github.com/agglayer/aggkit/aggsender/db/aggsender_db_storage.go:298.50,300.3 1 1
github.com/agglayer/aggkit/aggsender/db/aggsender_db_storage.go:301.2,302.87 2 1
github.com/agglayer/aggkit/aggsender/db/aggsender_db_storage.go:302.87,304.3 1 0
github.com/agglayer/aggkit/aggsender/db/aggsender_db_storage.go:305.2,305.38 1 1
github.com/agglayer/aggkit/aggsender/db/aggsender_db_storage.go:310.113,312.16 2 5
github.com/agglayer/aggkit/aggsender/db/aggsender_db_storage.go:312.16,314.3 1 0
github.com/agglayer/aggkit/aggsender/db/aggsender_db_storage.go:315.2,316.15 2 5
github.com/agglayer/aggkit/aggsender/db/aggsender_db_storage.go:316.15,317.21 1 5
github.com/agglayer/aggkit/aggsender/db/aggsender_db_storage.go:317.21,318.52 1 0
github.com/agglayer/aggkit/aggsender/db/aggsender_db_storage.go:318.52,320.5 1 0
github.com/agglayer/aggkit/aggsender/db/aggsender_db_storage.go:324.2,325.16 2 5
github.com/agglayer/aggkit/aggsender/db/aggsender_db_storage.go:325.16,327.3 1 0
github.com/agglayer/aggkit/aggsender/db/aggsender_db_storage.go:328.2,328.58 1 5
github.com/agglayer/aggkit/aggsender/db/aggsender_db_storage.go:328.58,330.3 1 0
github.com/agglayer/aggkit/aggsender/db/aggsender_db_storage.go:331.2,333.16 3 5
github.com/agglayer/aggkit/aggsender/db/aggsender_db_storage.go:333.16,335.3 1 0
github.com/agglayer/aggkit/aggsender/db/aggsender_db_storage.go:338.2,338.16 1 5
github.com/agglayer/aggkit/aggsender/db/aggsender_db_storage.go:338.16,340.73 1 4
github.com/agglayer/aggkit/aggsender/db/aggsender_db_storage.go:340.73,342.4 1 0
github.com/agglayer/aggkit/aggsender/db/aggsender_db_storage.go:343.8,345.106 1 1
github.com/agglayer/aggkit/aggsender/db/aggsender_db_storage.go:345.106,347.4 1 0
github.com/agglayer/aggkit/aggsender/db/aggsender_db_storage.go:350.2,350.35 1 5
github.com/agglayer/aggkit/aggsender/db/aggsender_db_storage.go:350.35,352.3 1 0
github.com/agglayer/aggkit/aggsender/db/aggsender_db_storage.go:353.2,356.15 3 5
github.com/agglayer/aggkit/aggsender/db/aggsender_db_storage.go:356.15,358.3 1 1
github.com/agglayer/aggkit/aggsender/db/aggsender_db_storage.go:360.2,363.12 2 5
github.com/agglayer/aggkit/aggsender/db/aggsender_db_storage.go:370.44,373.51 2 42
github.com/agglayer/aggkit/aggsender/db/aggsender_db_storage.go:373.51,375.3 1 0
github.com/agglayer/aggkit/aggsender/db/aggsender_db_storage.go:377.2,381.16 3 42
github.com/agglayer/aggkit/aggsender/db/aggsender_db_storage.go:381.16,383.3 1 0
github.com/agglayer/aggkit/aggsender/db/aggsender_db_storage.go:385.2,386.22 2 42
github.com/agglayer/aggkit/aggsender/db/aggsender_db_storage.go:390.113,392.16 2 58
github.com/agglayer/aggkit/aggsender/db/aggsender_db_storage.go:392.16,394.3 1 1
github.com/agglayer/aggkit/aggsender/db/aggsender_db_storage.go:395.2,396.15 2 57
github.com/agglayer/aggkit/aggsender/db/aggsender_db_storage.go:396.15,397.21 1 57
github.com/agglayer/aggkit/aggsender/db/aggsender_db_storage.go:397.21,398.52 1 1
github.com/agglayer/aggkit/aggsender/db/aggsender_db_storage.go:398.52,400.5 1 0
github.com/agglayer/aggkit/aggsender/db/aggsender_db_storage.go:404.2,405.16 2 57
github.com/agglayer/aggkit/aggsender/db/aggsender_db_storage.go:405.16,407.3 1 1
github.com/agglayer/aggkit/aggsender/db/aggsender_db_storage.go:408.2,408.58 1 56
github.com/agglayer/aggkit/aggsender/db/aggsender_db_storage.go:408.58,410.3 1 0
github.com/agglayer/aggkit/aggsender/db/aggsender_db_storage.go:412.2,412.110 1 56
github.com/agglayer/aggkit/aggsender/db/aggsender_db_storage.go:412.110,414.3 1 0
github.com/agglayer/aggkit/aggsender/db/aggsender_db_storage.go:416.2,416.72 1 56
github.com/agglayer/aggkit/aggsender/db/aggsender_db_storage.go:416.72,418.3 1 0
github.com/agglayer/aggkit/aggsender/db/aggsender_db_storage.go:420.2,420.35 1 56
github.com/agglayer/aggkit/aggsender/db/aggsender_db_storage.go:420.35,422.3 1 0
github.com/agglayer/aggkit/aggsender/db/aggsender_db_storage.go:423.2,428.12 3 56
github.com/agglayer/aggkit/aggsender/db/aggsender_db_storage.go:436.26,438.16 2 1
github.com/agglayer/aggkit/aggsender/db/aggsender_db_storage.go:438.16,440.3 1 0
github.com/agglayer/aggkit/aggsender/db/aggsender_db_storage.go:441.2,442.15 2 1
github.com/agglayer/aggkit/aggsender/db/aggsender_db_storage.go:442.15,443.21 1 1
github.com/agglayer/aggkit/aggsender/db/aggsender_db_storage.go:443.21,444.52 1 0
github.com/agglayer/aggkit/aggsender/db/aggsender_db_storage.go:444.52,446.5 1 0
github.com/agglayer/aggkit/aggsender/db/aggsender_db_storage.go:450.2,450.81 1 1
github.com/agglayer/aggkit/aggsender/db/aggsender_db_storage.go:450.81,452.3 1 0
github.com/agglayer/aggkit/aggsender/db/aggsender_db_storage.go:454.2,454.35 1 1
github.com/agglayer/aggkit/aggsender/db/aggsender_db_storage.go:454.35,456.3 1 0
github.com/agglayer/aggkit/aggsender/db/aggsender_db_storage.go:457.2,461.12 3 1
github.com/agglayer/aggkit/aggsender/db/aggsender_db_storage.go:467.26,469.61 1 2
github.com/agglayer/aggkit/aggsender/db/aggsender_db_storage.go:469.61,471.3 1 0
github.com/agglayer/aggkit/aggsender/db/aggsender_db_storage.go:473.2,473.12 1 2
github.com/agglayer/aggkit/aggsender/db/aggsender_db_storage.go:479.79,481.16 2 4
github.com/agglayer/aggkit/aggsender/db/aggsender_db_storage.go:481.16,483.3 1 0
github.com/agglayer/aggkit/aggsender/db/aggsender_db_storage.go:485.2,485.15 1 4
github.com/agglayer/aggkit/aggsender/db/aggsender_db_storage.go:485.15,486.55 1 4
github.com/agglayer/aggkit/aggsender/db/aggsender_db_storage.go:486.55,488.4 1 0
github.com/agglayer/aggkit/aggsender/db/aggsender_db_storage.go:491.2,493.94 2 4
github.com/agglayer/aggkit/aggsender/db/aggsender_db_storage.go:493.94,495.3 1 1
github.com/agglayer/aggkit/aggsender/db/aggsender_db_storage.go:497.2,497.42 1 3
github.com/agglayer/aggkit/aggsender/db/aggsender_db_storage.go:497.42,501.42 2 2
github.com/agglayer/aggkit/aggsender/db/aggsender_db_storage.go:501.42,505.4 1 0
github.com/agglayer/aggkit/aggsender/db/aggsender_db_storage.go:507.3,507.66 1 2
github.com/agglayer/aggkit/aggsender/db/aggsender_db_storage.go:510.2,510.37 1 1
github.com/agglayer/aggkit/aggsender/db/aggsender_db_storage.go:518.70,519.28 1 8
github.com/agglayer/aggkit/aggsender/db/aggsender_db_storage.go:519.28,521.3 1 1
github.com/agglayer/aggkit/aggsender/db/aggsender_db_storage.go:522.2,523.16 2 7
github.com/agglayer/aggkit/aggsender/db/aggsender_db_storage.go:523.16,525.3 1 0
github.com/agglayer/aggkit/aggsender/db/aggsender_db_storage.go:527.2,528.15 2 7
github.com/agglayer/aggkit/aggsender/db/aggsender_db_storage.go:528.15,529.21 1 7
github.com/agglayer/aggkit/aggsender/db/aggsender_db_storage.go:529.21,531.52 2 1
github.com/agglayer/aggkit/aggsender/db/aggsender_db_storage.go:531.52,533.5 1 1
github.com/agglayer/aggkit/aggsender/db/aggsender_db_storage.go:536.2,538.16 3 7
github.com/agglayer/aggkit/aggsender/db/aggsender_db_storage.go:538.16,540.3 1 0
github.com/agglayer/aggkit/aggsender/db/aggsender_db_storage.go:541.2,549.16 3 7
github.com/agglayer/aggkit/aggsender/db/aggsender_db_storage.go:549.16,551.3 1 0
github.com/agglayer/aggkit/aggsender/db/aggsender_db_storage.go:555.2,555.99 1 7
github.com/agglayer/aggkit/aggsender/db/aggsender_db_storage.go:555.99,557.3 1 0
github.com/agglayer/aggkit/aggsender/db/aggsender_db_storage.go:559.2,559.35 1 7
github.com/agglayer/aggkit/aggsender/db/aggsender_db_storage.go:559.35,561.3 1 1
github.com/agglayer/aggkit/aggsender/db/aggsender_db_storage.go:563.2,568.12 3 6
github.com/agglayer/aggkit/aggsender/db/aggsender_db_storage.go:572.92,574.16 2 6
github.com/agglayer/aggkit/aggsender/db/aggsender_db_storage.go:574.16,575.37 1 1
github.com/agglayer/aggkit/aggsender/db/aggsender_db_storage.go:575.37,577.4 1 1
github.com/agglayer/aggkit/aggsender/db/aggsender_db_storage.go:578.3,578.76 1 0
github.com/agglayer/aggkit/aggsender/db/aggsender_db_storage.go:581.2,582.70 2 5
github.com/agglayer/aggkit/aggsender/db/aggsender_db_storage.go:582.70,584.3 1 0
github.com/agglayer/aggkit/aggsender/db/aggsender_db_storage.go:585.2,585.74 1 5
github.com/agglayer/aggkit/aggsender/db/aggsender_db_storage.go:585.74,589.17 3 5
github.com/agglayer/aggkit/aggsender/db/aggsender_db_storage.go:589.17,592.4 1 0
github.com/agglayer/aggkit/aggsender/db/aggsender_db_storage.go:593.3,594.50 2 5
github.com/agglayer/aggkit/aggsender/db/aggsender_db_storage.go:594.50,597.4 1 1
github.com/agglayer/aggkit/aggsender/db/aggsender_db_storage.go:598.3,598.51 1 4
github.com/agglayer/aggkit/aggsender/db/aggsender_db_storage.go:601.2,601.30 1 4
github.com/agglayer/aggkit/aggsender/db/aggsender_db_storage.go:605.97,608.23 2 9
github.com/agglayer/aggkit/aggsender/db/aggsender_db_storage.go:608.23,610.3 1 0
github.com/agglayer/aggkit/aggsender/db/aggsender_db_storage.go:611.2,611.59 1 9
github.com/agglayer/aggkit/aggsender/db/aggsender_db_storage.go:617.113,618.15 1 11
github.com/agglayer/aggkit/aggsender/db/aggsender_db_storage.go:618.15,620.3 1 1
github.com/agglayer/aggkit/aggsender/db/aggsender_db_storage.go:622.2,622.75 1 11
github.com/agglayer/aggkit/aggsender/db/aggsender_db_storage.go:622.75,624.54 1 1
github.com/agglayer/aggkit/aggsender/db/aggsender_db_storage.go:624.54,626.4 1 1
github.com/agglayer/aggkit/aggsender/db/aggsender_db_storage.go:629.2,629.119 1 10
github.com/agglayer/aggkit/aggsender/db/aggsender_db_storage.go:629.119,631.3 1 0
github.com/agglayer/aggkit/aggsender/db/aggsender_db_storage.go:632.2,632.12 1 10
github.com/agglayer/aggkit/aggsender/db/aggsender_db_storage.go:636.108,638.16 2 30
github.com/agglayer/aggkit/aggsender/db/aggsender_db_storage.go:638.16,640.3 1 0
github.com/agglayer/aggkit/aggsender/db/aggsender_db_storage.go:641.2,641.25 1 30
github.com/agglayer/aggkit/aggsender/db/aggsender_db_storage.go:641.25,644.3 1 11
github.com/agglayer/aggkit/aggsender/db/aggsender_db_storage.go:645.2,645.37 1 19
github.com/agglayer/aggkit/aggsender/db/aggsender_db_storage.go:645.37,647.3 1 19
github.com/agglayer/aggkit/aggsender/db/aggsender_db_storage.go:648.2,648.100 1 19
github.com/agglayer/aggkit/aggsender/db/aggsender_db_storage.go:648.100,650.3 1 0
github.com/agglayer/aggkit/aggsender/db/aggsender_db_storage.go:651.2,651.12 1 19
github.com/agglayer/aggkit/aggsender/db/aggsender_db_storage.go:655.97,659.16 2 8
github.com/agglayer/aggkit/aggsender/db/aggsender_db_storage.go:659.16,661.3 1 0
github.com/agglayer/aggkit/aggsender/db/aggsender_db_storage.go:662.2,663.16 2 8
github.com/agglayer/aggkit/aggsender/db/aggsender_db_storage.go:663.16,665.3 1 0
github.com/agglayer/aggkit/aggsender/db/aggsender_db_storage.go:666.2,668.29 2 8
github.com/agglayer/aggkit/aggsender/db/aggsender_db_storage.go:668.29,673.22 3 9
github.com/agglayer/aggkit/aggsender/db/aggsender_db_storage.go:673.22,676.4 2 9
github.com/agglayer/aggkit/aggsender/db/aggsender_db_storage.go:678.2,678.57 1 8
github.com/agglayer/aggkit/aggsender/db/aggsender_db_storage.go:682.89,683.82 1 61
github.com/agglayer/aggkit/aggsender/db/aggsender_db_storage.go:683.82,690.17 3 35
github.com/agglayer/aggkit/aggsender/db/aggsender_db_storage.go:690.17,692.4 1 0
github.com/agglayer/aggkit/aggsender/db/aggsender_db_storage.go:694.3,694.53 1 35
github.com/agglayer/aggkit/aggsender/db/aggsender_db_storage.go:697.2,697.12 1 61
github.com/agglayer/aggkit/aggsender/db/aggsender_db_storage.go:702.71,703.21 1 28
github.com/agglayer/aggkit/aggsender/db/aggsender_db_storage.go:703.21,705.3 1 3
github.com/agglayer/aggkit/aggsender/db/aggsender_db_storage.go:707.2,707.45 1 25
github.com/agglayer/aggkit/aggsender/db/aggsender_db_storage.go:707.45,710.3 2 4
github.com/agglayer/aggkit/aggsender/db/aggsender_db_storage.go:711.2,711.71 1 21
github.com/agglayer/aggkit/aggsender/db/aggsender_db_storage.go:714.58,716.35 2 13
github.com/agglayer/aggkit/aggsender/db/aggsender_db_storage.go:716.35,717.18 1 13
github.com/agglayer/aggkit/aggsender/db/aggsender_db_storage.go:717.18,721.4 1 5
github.com/agglayer/aggkit/aggsender/db/aggsender_db_storage.go:721.9,723.4 1 8
github.com/agglayer/aggkit/aggsender/db/aggsender_db_storage.go:726.2,726.20 1 13
github.com/agglayer/aggkit/aggsender/db/helpers.go:16.13,18.2 1 1
github.com/agglayer/aggkit/aggsender/db/helpers.go:21.43,29.2 3 2
github.com/agglayer/aggkit/aggsender/db/helpers.go:36.50,40.30 3 3
github.com/agglayer/aggkit/aggsender/db/helpers.go:40.30,43.23 3 42
github.com/agglayer/aggkit/aggsender/db/helpers.go:43.23,47.4 2 42
github.com/agglayer/aggkit/aggsender/db/helpers.go:50.2,50.15 1 3
github.com/agglayer/aggkit/aggsender/db/helpers.go:62.90,63.21 1 62
github.com/agglayer/aggkit/aggsender/db/helpers.go:63.21,65.3 1 1
github.com/agglayer/aggkit/aggsender/db/helpers.go:67.2,85.8 1 61
github.com/agglayer/aggkit/aggsender/db/meddler.go:11.13,15.2 1 1
github.com/agglayer/aggkit/aggsender/db/meddler.go:21.99,23.2 1 41
github.com/agglayer/aggkit/aggsender/db/meddler.go:26.94,27.43 1 41
github.com/agglayer/aggkit/aggsender/db/meddler.go:27.43,29.3 1 0
github.com/agglayer/aggkit/aggsender/db/meddler.go:31.2,32.9 2 41
github.com/agglayer/aggkit/aggsender/db/meddler.go:32.9,34.3 1 0
github.com/agglayer/aggkit/aggsender/db/meddler.go:36.2,37.40 2 41
github.com/agglayer/aggkit/aggsender/db/meddler.go:37.40,39.3 1 0
github.com/agglayer/aggkit/aggsender/db/meddler.go:41.2,41.40 1 41
github.com/agglayer/aggkit/aggsender/db/meddler.go:45.95,46.18 1 60
github.com/agglayer/aggkit/aggsender/db/meddler.go:46.18,48.3 1 0
github.com/agglayer/aggkit/aggsender/db/meddler.go:50.2,51.9 2 60
github.com/agglayer/aggkit/aggsender/db/meddler.go:51.9,53.3 1 0
github.com/agglayer/aggkit/aggsender/db/meddler.go:55.2,55.28 1 60
github.com/agglayer/aggkit/aggsender/db/retain_certificates_policy.go:40.60,41.14 1 3
github.com/agglayer/aggkit/aggsender/db/retain_certificates_policy.go:41.14,43.3 1 1
github.com/agglayer/aggkit/aggsender/db/retain_certificates_policy.go:44.2,44.12 1 2
github.com/agglayer/aggkit/aggsender/db/retain_certificates_policy.go:47.59,48.14 1 6
github.com/agglayer/aggkit/aggsender/db/retain_certificates_policy.go:48.14,50.3 1 1
github.com/agglayer/aggkit/aggsender/db/retain_certificates_policy.go:51.2,52.54 2 5
github.com/agglayer/aggkit/aggsender/db/retain_certificates_policy.go:52.54,54.3 1 2
github.com/agglayer/aggkit/aggsender/db/retain_certificates_policy.go:54.8,56.3 1 3
github.com/agglayer/aggkit/aggsender/db/retain_certificates_policy.go:57.2,57.73 1 5
github.com/agglayer/aggkit/aggsender/db/retain_certificates_policy.go:65.83,70.2 1 10
github.com/agglayer/aggkit/aggsender/db/retain_certificates_policy.go:74.65,79.2 1 2
github.com/agglayer/aggkit/aggsender/db/retain_certificates_policy.go:82.68,83.23 1 56
github.com/agglayer/aggkit/aggsender/db/retain_certificates_policy.go:83.23,84.32 1 14
github.com/agglayer/aggkit/aggsender/db/retain_certificates_policy.go:84.32,86.4 1 9
github.com/agglayer/aggkit/aggsender/db/retain_certificates_policy.go:87.3,87.68 1 5
github.com/agglayer/aggkit/aggsender/db/retain_certificates_policy.go:90.2,90.54 1 42
github.com/agglayer/aggkit/aggsender/db/retain_certificates_policy.go:90.54,92.3 1 32
github.com/agglayer/aggkit/aggsender/db/retain_certificates_policy.go:94.2,94.56 1 10
github.com/agglayer/aggkit/aggsender/db/retain_certificates_policy.go:94.56,96.3 1 2
github.com/agglayer/aggkit/aggsender/db/retain_certificates_policy.go:97.2,97.92 1 8
github.com/agglayer/aggkit/aggsender/db/types.go:23.40,25.2 1 56
github.com/agglayer/aggkit/aggsender/db/types.go:27.41,29.2 1 0
github.com/agglayer/aggkit/aggsender/db/types.go:56.73,57.14 1 35
github.com/agglayer/aggkit/aggsender/db/types.go:57.14,59.3 1 0
github.com/agglayer/aggkit/aggsender/db/types.go:60.2,61.20 2 35
github.com/agglayer/aggkit/aggsender/db/types.go:61.20,64.3 2 35
github.com/agglayer/aggkit/aggsender/db/types.go:68.63,69.44 1 36
github.com/agglayer/aggkit/aggsender/db/types.go:69.44,71.3 1 3
github.com/agglayer/aggkit/aggsender/db/types.go:72.2,72.61 1 33
github.com/agglayer/aggkit/aggsender/db/types.go:72.61,75.3 2 33
github.com/agglayer/aggkit/aggsender/db/types.go:76.2,76.12 1 0
github.com/agglayer/aggkit/aggsender/db/types.go:79.68,80.44 1 17
github.com/agglayer/aggkit/aggsender/db/types.go:80.44,82.3 1 12
github.com/agglayer/aggkit/aggsender/db/types.go:83.2,84.21 2 5
github.com/agglayer/aggkit/aggsender/db/types.go:84.21,85.57 1 5
github.com/agglayer/aggkit/aggsender/db/types.go:85.57,88.4 2 5
github.com/agglayer/aggkit/aggsender/db/types.go:91.2,91.33 1 0
github.com/agglayer/aggkit/aggsender/db/types.go:95.71,97.16 2 17
github.com/agglayer/aggkit/aggsender/db/types.go:97.16,99.3 1 0
github.com/agglayer/aggkit/aggsender/db/types.go:100.2,120.8 1 17
github.com/agglayer/aggkit/aggsender/db/types.go:124.39,125.14 1 0
github.com/agglayer/aggkit/aggsender/db/types.go:125.14,127.3 1 0
github.com/agglayer/aggkit/aggsender/db/types.go:128.2,128.90 1 0
github.com/agglayer/aggkit/aggsender/db/types.go:145.53,147.16 2 7
github.com/agglayer/aggkit/aggsender/db/types.go:147.16,149.3 1 0
github.com/agglayer/aggkit/aggsender/db/types.go:151.2,156.8 1 7
github.com/agglayer/aggkit/aggsender/flows/builder_flow_aggchain_prover.go:36.117,38.16 2 2
github.com/agglayer/aggkit/aggsender/flows/builder_flow_aggchain_prover.go:38.16,41.3 1 0
github.com/agglayer/aggkit/aggsender/flows/builder_flow_aggchain_prover.go:43.2,44.16 2 2
github.com/agglayer/aggkit/aggsender/flows/builder_flow_aggchain_prover.go:44.16,47.3 1 1
github.com/agglayer/aggkit/aggsender/flows/builder_flow_aggchain_prover.go:49.2,49.35 1 1
github.com/agglayer/aggkit/aggsender/flows/builder_flow_aggchain_prover.go:58.68,62.2 1 21
github.com/agglayer/aggkit/aggsender/flows/builder_flow_aggchain_prover.go:66.52,70.2 1 1
github.com/agglayer/aggkit/aggsender/flows/builder_flow_aggchain_prover.go:85.30,104.2 2 22
github.com/agglayer/aggkit/aggsender/flows/builder_flow_aggchain_prover.go:108.83,110.16 2 4
github.com/agglayer/aggkit/aggsender/flows/builder_flow_aggchain_prover.go:110.16,112.3 1 1
github.com/agglayer/aggkit/aggsender/flows/builder_flow_aggchain_prover.go:116.2,120.84 2 3
github.com/agglayer/aggkit/aggsender/flows/builder_flow_aggchain_prover.go:120.84,122.3 1 1
github.com/agglayer/aggkit/aggsender/flows/builder_flow_aggchain_prover.go:124.2,125.69 1 2
github.com/agglayer/aggkit/aggsender/flows/builder_flow_aggchain_prover.go:125.69,127.3 1 1
github.com/agglayer/aggkit/aggsender/flows/builder_flow_aggchain_prover.go:129.2,129.12 1 1
github.com/agglayer/aggkit/aggsender/flows/builder_flow_aggchain_prover.go:133.99,136.16 2 10
github.com/agglayer/aggkit/aggsender/flows/builder_flow_aggchain_prover.go:136.16,139.3 1 1
github.com/agglayer/aggkit/aggsender/flows/builder_flow_aggchain_prover.go:140.2,140.20 1 9
github.com/agglayer/aggkit/aggsender/flows/builder_flow_aggchain_prover.go:140.20,142.3 1 1
github.com/agglayer/aggkit/aggsender/flows/builder_flow_aggchain_prover.go:143.2,143.38 1 8
github.com/agglayer/aggkit/aggsender/flows/builder_flow_aggchain_prover.go:149.85,150.22 1 3
github.com/agglayer/aggkit/aggsender/flows/builder_flow_aggchain_prover.go:150.22,152.3 1 1
github.com/agglayer/aggkit/aggsender/flows/builder_flow_aggchain_prover.go:154.2,155.16 2 2
github.com/agglayer/aggkit/aggsender/flows/builder_flow_aggchain_prover.go:155.16,157.3 1 1
github.com/agglayer/aggkit/aggsender/flows/builder_flow_aggchain_prover.go:159.2,159.66 1 1
github.com/agglayer/aggkit/aggsender/flows/builder_flow_aggchain_prover.go:159.66,161.3 1 0
github.com/agglayer/aggkit/aggsender/flows/builder_flow_aggchain_prover.go:168.2,168.20 1 1
github.com/agglayer/aggkit/aggsender/flows/builder_flow_aggchain_prover.go:177.62,179.16 2 8
github.com/agglayer/aggkit/aggsender/flows/builder_flow_aggchain_prover.go:179.16,181.3 1 1
github.com/agglayer/aggkit/aggsender/flows/builder_flow_aggchain_prover.go:182.2,183.16 2 7
github.com/agglayer/aggkit/aggsender/flows/builder_flow_aggchain_prover.go:183.16,185.3 1 0
github.com/agglayer/aggkit/aggsender/flows/builder_flow_aggchain_prover.go:187.2,187.97 1 7
github.com/agglayer/aggkit/aggsender/flows/builder_flow_aggchain_prover.go:187.97,193.50 5 2
github.com/agglayer/aggkit/aggsender/flows/builder_flow_aggchain_prover.go:193.50,196.4 1 0
github.com/agglayer/aggkit/aggsender/flows/builder_flow_aggchain_prover.go:198.3,199.17 2 2
github.com/agglayer/aggkit/aggsender/flows/builder_flow_aggchain_prover.go:199.17,201.4 1 0
github.com/agglayer/aggkit/aggsender/flows/builder_flow_aggchain_prover.go:203.3,205.17 2 2
github.com/agglayer/aggkit/aggsender/flows/builder_flow_aggchain_prover.go:205.17,207.4 1 0
github.com/agglayer/aggkit/aggsender/flows/builder_flow_aggchain_prover.go:209.3,223.33 2 2
github.com/agglayer/aggkit/aggsender/flows/builder_flow_aggchain_prover.go:223.33,226.18 2 2
github.com/agglayer/aggkit/aggsender/flows/builder_flow_aggchain_prover.go:226.18,228.5 1 0
github.com/agglayer/aggkit/aggsender/flows/builder_flow_aggchain_prover.go:231.3,231.19 1 2
github.com/agglayer/aggkit/aggsender/flows/builder_flow_aggchain_prover.go:231.19,237.4 1 1
github.com/agglayer/aggkit/aggsender/flows/builder_flow_aggchain_prover.go:240.3,242.26 2 1
github.com/agglayer/aggkit/aggsender/flows/builder_flow_aggchain_prover.go:245.2,245.97 1 5
github.com/agglayer/aggkit/aggsender/flows/builder_flow_aggchain_prover.go:245.97,249.3 1 1
github.com/agglayer/aggkit/aggsender/flows/builder_flow_aggchain_prover.go:251.2,252.16 2 5
github.com/agglayer/aggkit/aggsender/flows/builder_flow_aggchain_prover.go:252.16,253.37 1 0
github.com/agglayer/aggkit/aggsender/flows/builder_flow_aggchain_prover.go:253.37,257.4 1 0
github.com/agglayer/aggkit/aggsender/flows/builder_flow_aggchain_prover.go:258.3,258.18 1 0
github.com/agglayer/aggkit/aggsender/flows/builder_flow_aggchain_prover.go:260.2,260.32 1 5
github.com/agglayer/aggkit/aggsender/flows/builder_flow_aggchain_prover.go:260.32,263.17 2 5
github.com/agglayer/aggkit/aggsender/flows/builder_flow_aggchain_prover.go:263.17,265.4 1 0
github.com/agglayer/aggkit/aggsender/flows/builder_flow_aggchain_prover.go:268.2,269.48 2 5
github.com/agglayer/aggkit/aggsender/flows/builder_flow_aggchain_prover.go:269.48,273.3 2 0
github.com/agglayer/aggkit/aggsender/flows/builder_flow_aggchain_prover.go:275.2,275.62 1 5
github.com/agglayer/aggkit/aggsender/flows/builder_flow_aggchain_prover.go:281.105,282.71 1 6
github.com/agglayer/aggkit/aggsender/flows/builder_flow_aggchain_prover.go:282.71,284.3 1 0
github.com/agglayer/aggkit/aggsender/flows/builder_flow_aggchain_prover.go:286.2,290.16 3 6
github.com/agglayer/aggkit/aggsender/flows/builder_flow_aggchain_prover.go:290.16,291.47 1 2
github.com/agglayer/aggkit/aggsender/flows/builder_flow_aggchain_prover.go:291.47,295.4 2 1
github.com/agglayer/aggkit/aggsender/flows/builder_flow_aggchain_prover.go:296.3,297.21 2 1
github.com/agglayer/aggkit/aggsender/flows/builder_flow_aggchain_prover.go:300.2,306.58 3 4
github.com/agglayer/aggkit/aggsender/flows/builder_flow_aggchain_prover.go:312.81,314.16 2 2
github.com/agglayer/aggkit/aggsender/flows/builder_flow_aggchain_prover.go:314.16,316.3 1 1
github.com/agglayer/aggkit/aggsender/flows/builder_flow_aggchain_prover.go:318.2,318.38 1 1
github.com/agglayer/aggkit/aggsender/flows/builder_flow_aggchain_prover.go:318.38,330.3 2 1
github.com/agglayer/aggkit/aggsender/flows/builder_flow_aggchain_prover.go:332.2,332.18 1 1
github.com/agglayer/aggkit/aggsender/flows/builder_flow_aggchain_prover.go:339.9,340.21 1 4
github.com/agglayer/aggkit/aggsender/flows/builder_flow_aggchain_prover.go:340.21,343.3 1 1
github.com/agglayer/aggkit/aggsender/flows/builder_flow_aggchain_prover.go:345.2,347.42 2 3
github.com/agglayer/aggkit/aggsender/flows/builder_flow_aggchain_prover.go:348.40,349.15 1 1
github.com/agglayer/aggkit/aggsender/flows/builder_flow_aggchain_prover.go:350.52,351.29 1 1
github.com/agglayer/aggkit/aggsender/flows/builder_flow_aggchain_prover.go:352.10,353.90 1 1
github.com/agglayer/aggkit/aggsender/flows/builder_flow_aggchain_prover.go:356.2,361.12 2 2
github.com/agglayer/aggkit/aggsender/flows/builder_flow_aggchain_prover.go:365.69,366.20 1 21
github.com/agglayer/aggkit/aggsender/flows/builder_flow_aggchain_prover.go:366.20,372.3 2 2
github.com/agglayer/aggkit/aggsender/flows/builder_flow_aggchain_prover.go:373.2,373.83 1 19
github.com/agglayer/aggkit/aggsender/flows/builder_flow_aggchain_prover.go:373.83,378.3 2 1
github.com/agglayer/aggkit/aggsender/flows/builder_flow_aggchain_prover.go:379.2,379.45 1 18
github.com/agglayer/aggkit/aggsender/flows/builder_flow_aggchain_prover.go:379.45,384.3 2 2
github.com/agglayer/aggkit/aggsender/flows/builder_flow_aggchain_prover.go:386.2,386.22 1 16
github.com/agglayer/aggkit/aggsender/flows/builder_flow_aggchain_prover.go:390.65,392.2 1 0
github.com/agglayer/aggkit/aggsender/flows/builder_flow_factory.go:43.39,44.18 1 8
github.com/agglayer/aggkit/aggsender/flows/builder_flow_factory.go:45.34,60.17 2 6
github.com/agglayer/aggkit/aggsender/flows/builder_flow_factory.go:60.17,62.4 1 3
github.com/agglayer/aggkit/aggsender/flows/builder_flow_factory.go:64.3,73.9 1 3
github.com/agglayer/aggkit/aggsender/flows/builder_flow_factory.go:74.31,76.17 2 1
github.com/agglayer/aggkit/aggsender/flows/builder_flow_factory.go:76.17,78.4 1 0
github.com/agglayer/aggkit/aggsender/flows/builder_flow_factory.go:80.3,81.17 2 1
github.com/agglayer/aggkit/aggsender/flows/builder_flow_factory.go:81.17,83.4 1 0
github.com/agglayer/aggkit/aggsender/flows/builder_flow_factory.go:85.3,87.17 2 1
github.com/agglayer/aggkit/aggsender/flows/builder_flow_factory.go:87.17,89.4 1 1
github.com/agglayer/aggkit/aggsender/flows/builder_flow_factory.go:91.3,93.17 2 0
github.com/agglayer/aggkit/aggsender/flows/builder_flow_factory.go:93.17,95.4 1 0
github.com/agglayer/aggkit/aggsender/flows/builder_flow_factory.go:97.3,111.17 2 0
github.com/agglayer/aggkit/aggsender/flows/builder_flow_factory.go:111.17,113.4 1 0
github.com/agglayer/aggkit/aggsender/flows/builder_flow_factory.go:115.3,116.17 2 0
github.com/agglayer/aggkit/aggsender/flows/builder_flow_factory.go:116.17,118.4 1 0
github.com/agglayer/aggkit/aggsender/flows/builder_flow_factory.go:120.3,141.9 2 0
github.com/agglayer/aggkit/aggsender/flows/builder_flow_factory.go:143.10,144.69 1 1
github.com/agglayer/aggkit/aggsender/flows/builder_flow_factory.go:179.34,181.16 2 10
github.com/agglayer/aggkit/aggsender/flows/builder_flow_factory.go:181.16,183.3 1 0
github.com/agglayer/aggkit/aggsender/flows/builder_flow_factory.go:185.2,187.16 2 10
github.com/agglayer/aggkit/aggsender/flows/builder_flow_factory.go:187.16,189.3 1 5
github.com/agglayer/aggkit/aggsender/flows/builder_flow_factory.go:191.2,196.16 2 5
github.com/agglayer/aggkit/aggsender/flows/builder_flow_factory.go:196.16,198.3 1 0
github.com/agglayer/aggkit/aggsender/flows/builder_flow_factory.go:200.2,203.16 3 5
github.com/agglayer/aggkit/aggsender/flows/builder_flow_factory.go:203.16,205.3 1 0
github.com/agglayer/aggkit/aggsender/flows/builder_flow_factory.go:206.2,225.8 3 5
github.com/agglayer/aggkit/aggsender/flows/builder_flow_factory.go:235.31,237.16 2 10
github.com/agglayer/aggkit/aggsender/flows/builder_flow_factory.go:237.16,239.3 1 0
github.com/agglayer/aggkit/aggsender/flows/builder_flow_factory.go:241.2,241.47 1 10
github.com/agglayer/aggkit/aggsender/flows/builder_flow_factory.go:241.47,243.3 1 1
github.com/agglayer/aggkit/aggsender/flows/builder_flow_factory.go:245.2,246.16 2 9
github.com/agglayer/aggkit/aggsender/flows/builder_flow_factory.go:246.16,247.38 1 4
github.com/agglayer/aggkit/aggsender/flows/builder_flow_factory.go:247.38,249.4 1 3
github.com/agglayer/aggkit/aggsender/flows/builder_flow_factory.go:251.3,252.21 2 1
github.com/agglayer/aggkit/aggsender/flows/builder_flow_factory.go:255.2,255.57 1 5
github.com/agglayer/aggkit/aggsender/flows/builder_flow_factory.go:255.57,256.38 1 2
github.com/agglayer/aggkit/aggsender/flows/builder_flow_factory.go:256.38,259.4 1 1
github.com/agglayer/aggkit/aggsender/flows/builder_flow_factory.go:261.3,262.55 1 1
github.com/agglayer/aggkit/aggsender/flows/builder_flow_factory.go:265.2,265.20 1 4
github.com/agglayer/aggkit/aggsender/flows/builder_flow_pp.go:35.42,50.2 2 16
github.com/agglayer/aggkit/aggsender/flows/builder_flow_pp.go:54.71,56.2 1 1
github.com/agglayer/aggkit/aggsender/flows/builder_flow_pp.go:61.85,62.22 1 0
github.com/agglayer/aggkit/aggsender/flows/builder_flow_pp.go:62.22,64.3 1 0
github.com/agglayer/aggkit/aggsender/flows/builder_flow_pp.go:65.2,66.16 2 0
github.com/agglayer/aggkit/aggsender/flows/builder_flow_pp.go:66.16,68.3 1 0
github.com/agglayer/aggkit/aggsender/flows/builder_flow_pp.go:69.2,70.16 2 0
github.com/agglayer/aggkit/aggsender/flows/builder_flow_pp.go:70.16,72.3 1 0
github.com/agglayer/aggkit/aggsender/flows/builder_flow_pp.go:73.2,73.66 1 0
github.com/agglayer/aggkit/aggsender/flows/builder_flow_pp.go:73.66,75.3 1 0
github.com/agglayer/aggkit/aggsender/flows/builder_flow_pp.go:77.2,77.20 1 0
github.com/agglayer/aggkit/aggsender/flows/builder_flow_pp.go:82.111,84.16 2 12
github.com/agglayer/aggkit/aggsender/flows/builder_flow_pp.go:84.16,85.37 1 6
github.com/agglayer/aggkit/aggsender/flows/builder_flow_pp.go:85.37,89.4 1 1
github.com/agglayer/aggkit/aggsender/flows/builder_flow_pp.go:91.3,91.18 1 5
github.com/agglayer/aggkit/aggsender/flows/builder_flow_pp.go:94.2,94.64 1 6
github.com/agglayer/aggkit/aggsender/flows/builder_flow_pp.go:94.64,100.3 2 1
github.com/agglayer/aggkit/aggsender/flows/builder_flow_pp.go:102.2,102.27 1 5
github.com/agglayer/aggkit/aggsender/flows/builder_flow_pp.go:102.27,106.3 2 1
github.com/agglayer/aggkit/aggsender/flows/builder_flow_pp.go:107.2,107.32 1 4
github.com/agglayer/aggkit/aggsender/flows/builder_flow_pp.go:107.32,110.17 2 4
github.com/agglayer/aggkit/aggsender/flows/builder_flow_pp.go:110.17,112.4 1 0
github.com/agglayer/aggkit/aggsender/flows/builder_flow_pp.go:115.2,115.71 1 4
github.com/agglayer/aggkit/aggsender/flows/builder_flow_pp.go:115.71,117.3 1 1
github.com/agglayer/aggkit/aggsender/flows/builder_flow_pp.go:118.2,118.25 1 3
github.com/agglayer/aggkit/aggsender/flows/builder_flow_pp.go:124.81,126.16 2 0
github.com/agglayer/aggkit/aggsender/flows/builder_flow_pp.go:126.16,128.3 1 0
github.com/agglayer/aggkit/aggsender/flows/builder_flow_pp.go:130.2,130.25 1 0
github.com/agglayer/aggkit/aggsender/flows/builder_flow_pp.go:136.42,137.21 1 2
github.com/agglayer/aggkit/aggsender/flows/builder_flow_pp.go:137.21,140.3 1 1
github.com/agglayer/aggkit/aggsender/flows/builder_flow_pp.go:143.2,147.12 2 1
github.com/agglayer/aggkit/aggsender/flows/builder_flow_pp.go:151.53,153.2 1 0
github.com/agglayer/aggkit/aggsender/flows/flow_base.go:27.26,31.2 1 0
github.com/agglayer/aggkit/aggsender/flows/flow_base.go:49.48,56.2 1 21
github.com/agglayer/aggkit/aggsender/flows/flow_base.go:64.18,71.2 1 31
github.com/agglayer/aggkit/aggsender/flows/flow_base.go:95.13,106.2 1 40
github.com/agglayer/aggkit/aggsender/flows/flow_base.go:109.42,111.2 1 39
github.com/agglayer/aggkit/aggsender/flows/flow_base.go:115.86,117.16 2 15
github.com/agglayer/aggkit/aggsender/flows/flow_base.go:117.16,119.3 1 1
github.com/agglayer/aggkit/aggsender/flows/flow_base.go:121.2,126.98 2 14
github.com/agglayer/aggkit/aggsender/flows/flow_base.go:126.98,130.17 3 0
github.com/agglayer/aggkit/aggsender/flows/flow_base.go:130.17,133.4 1 0
github.com/agglayer/aggkit/aggsender/flows/flow_base.go:134.3,134.35 1 0
github.com/agglayer/aggkit/aggsender/flows/flow_base.go:137.2,137.42 1 14
github.com/agglayer/aggkit/aggsender/flows/flow_base.go:137.42,141.3 2 1
github.com/agglayer/aggkit/aggsender/flows/flow_base.go:142.2,144.72 3 13
github.com/agglayer/aggkit/aggsender/flows/flow_base.go:148.94,150.16 2 16
github.com/agglayer/aggkit/aggsender/flows/flow_base.go:150.16,152.3 1 1
github.com/agglayer/aggkit/aggsender/flows/flow_base.go:153.2,153.33 1 15
github.com/agglayer/aggkit/aggsender/flows/flow_base.go:157.76,159.16 2 16
github.com/agglayer/aggkit/aggsender/flows/flow_base.go:159.16,161.3 1 1
github.com/agglayer/aggkit/aggsender/flows/flow_base.go:163.2,164.16 2 15
github.com/agglayer/aggkit/aggsender/flows/flow_base.go:164.16,166.3 1 2
github.com/agglayer/aggkit/aggsender/flows/flow_base.go:167.2,168.16 2 13
github.com/agglayer/aggkit/aggsender/flows/flow_base.go:168.16,170.3 1 1
github.com/agglayer/aggkit/aggsender/flows/flow_base.go:172.2,182.8 1 12
github.com/agglayer/aggkit/aggsender/flows/flow_base.go:186.84,187.40 1 12
github.com/agglayer/aggkit/aggsender/flows/flow_base.go:187.40,189.3 1 0
github.com/agglayer/aggkit/aggsender/flows/flow_base.go:191.2,193.16 2 12
github.com/agglayer/aggkit/aggsender/flows/flow_base.go:193.16,195.3 1 1
github.com/agglayer/aggkit/aggsender/flows/flow_base.go:197.2,199.16 2 11
github.com/agglayer/aggkit/aggsender/flows/flow_base.go:199.16,201.3 1 0
github.com/agglayer/aggkit/aggsender/flows/flow_base.go:203.2,218.16 3 11
github.com/agglayer/aggkit/aggsender/flows/flow_base.go:218.16,220.3 1 1
github.com/agglayer/aggkit/aggsender/flows/flow_base.go:222.2,222.25 1 10
github.com/agglayer/aggkit/aggsender/flows/flow_base.go:227.94,229.16 2 16
github.com/agglayer/aggkit/aggsender/flows/flow_base.go:229.16,231.3 1 4
github.com/agglayer/aggkit/aggsender/flows/flow_base.go:232.2,233.16 2 12
github.com/agglayer/aggkit/aggsender/flows/flow_base.go:233.16,235.3 1 2
github.com/agglayer/aggkit/aggsender/flows/flow_base.go:236.2,237.16 2 10
github.com/agglayer/aggkit/aggsender/flows/flow_base.go:237.16,239.3 1 0
github.com/agglayer/aggkit/aggsender/flows/flow_base.go:240.2,240.20 1 10
github.com/agglayer/aggkit/aggsender/flows/flow_base.go:244.105,245.65 1 12
github.com/agglayer/aggkit/aggsender/flows/flow_base.go:245.65,247.3 1 1
github.com/agglayer/aggkit/aggsender/flows/flow_base.go:249.2,249.59 1 11
github.com/agglayer/aggkit/aggsender/flows/flow_base.go:249.59,251.3 1 2
github.com/agglayer/aggkit/aggsender/flows/flow_base.go:253.2,253.12 1 9
github.com/agglayer/aggkit/aggsender/flows/flow_base.go:259.83,263.6 4 16
github.com/agglayer/aggkit/aggsender/flows/flow_base.go:263.6,264.69 1 18
github.com/agglayer/aggkit/aggsender/flows/flow_base.go:264.69,266.4 1 16
github.com/agglayer/aggkit/aggsender/flows/flow_base.go:268.3,268.40 1 2
github.com/agglayer/aggkit/aggsender/flows/flow_base.go:268.40,272.4 2 0
github.com/agglayer/aggkit/aggsender/flows/flow_base.go:274.3,275.17 2 2
github.com/agglayer/aggkit/aggsender/flows/flow_base.go:275.17,277.4 1 0
github.com/agglayer/aggkit/aggsender/flows/flow_base.go:283.65,284.23 1 4
github.com/agglayer/aggkit/aggsender/flows/flow_base.go:284.23,286.3 1 1
github.com/agglayer/aggkit/aggsender/flows/flow_base.go:287.2,288.16 2 3
github.com/agglayer/aggkit/aggsender/flows/flow_base.go:288.16,290.3 1 1
github.com/agglayer/aggkit/aggsender/flows/flow_base.go:292.2,293.16 2 2
github.com/agglayer/aggkit/aggsender/flows/flow_base.go:293.16,295.3 1 1
github.com/agglayer/aggkit/aggsender/flows/flow_base.go:296.2,296.20 1 1
github.com/agglayer/aggkit/aggsender/flows/flow_base.go:302.59,305.45 2 5
github.com/agglayer/aggkit/aggsender/flows/flow_base.go:305.45,307.3 1 1
github.com/agglayer/aggkit/aggsender/flows/flow_base.go:309.2,312.16 3 4
github.com/agglayer/aggkit/aggsender/flows/flow_base.go:312.16,314.3 1 0
github.com/agglayer/aggkit/aggsender/flows/flow_base.go:316.2,317.16 2 4
github.com/agglayer/aggkit/aggsender/flows/flow_base.go:317.16,319.3 1 1
github.com/agglayer/aggkit/aggsender/flows/flow_base.go:321.2,322.16 2 3
github.com/agglayer/aggkit/aggsender/flows/flow_base.go:322.16,324.3 1 1
github.com/agglayer/aggkit/aggsender/flows/flow_base.go:326.2,334.8 1 2
github.com/agglayer/aggkit/aggsender/flows/flow_base.go:341.48,342.39 1 9
github.com/agglayer/aggkit/aggsender/flows/flow_base.go:342.39,346.3 1 3
github.com/agglayer/aggkit/aggsender/flows/flow_base.go:348.2,351.16 3 6
github.com/agglayer/aggkit/aggsender/flows/flow_base.go:351.16,353.3 1 4
github.com/agglayer/aggkit/aggsender/flows/flow_base.go:355.2,355.22 1 2
github.com/agglayer/aggkit/aggsender/flows/flow_base.go:359.120,361.2 1 0
github.com/agglayer/aggkit/aggsender/flows/flow_base.go:364.92,366.2 1 4
github.com/agglayer/aggkit/aggsender/flows/flow_base.go:374.48,378.29 2 12
github.com/agglayer/aggkit/aggsender/flows/flow_base.go:378.29,379.27 1 9
github.com/agglayer/aggkit/aggsender/flows/flow_base.go:379.27,382.4 2 9
github.com/agglayer/aggkit/aggsender/flows/flow_base.go:385.2,386.27 2 12
github.com/agglayer/aggkit/aggsender/flows/flow_base.go:386.27,387.27 1 18
github.com/agglayer/aggkit/aggsender/flows/flow_base.go:387.27,389.27 2 18
github.com/agglayer/aggkit/aggsender/flows/flow_base.go:389.27,391.5 1 7
github.com/agglayer/aggkit/aggsender/flows/flow_base.go:391.10,393.5 1 11
github.com/agglayer/aggkit/aggsender/flows/flow_base.go:394.9,397.4 1 0
github.com/agglayer/aggkit/aggsender/flows/flow_base.go:400.2,400.28 1 12
github.com/agglayer/aggkit/aggsender/flows/flow_base.go:400.28,404.3 1 5
github.com/agglayer/aggkit/aggsender/flows/flow_base.go:405.2,405.80 1 7
github.com/agglayer/aggkit/aggsender/flows/flow_base.go:410.81,411.36 1 18
github.com/agglayer/aggkit/aggsender/flows/flow_base.go:411.36,414.3 2 5
github.com/agglayer/aggkit/aggsender/flows/flow_base.go:415.2,415.48 1 13
github.com/agglayer/aggkit/aggsender/flows/flow_base.go:415.48,418.3 1 3
github.com/agglayer/aggkit/aggsender/flows/flow_base.go:419.2,419.48 1 10
github.com/agglayer/aggkit/aggsender/flows/flow_base.go:419.48,421.3 1 4
github.com/agglayer/aggkit/aggsender/flows/flow_base.go:423.2,423.48 1 6
github.com/agglayer/aggkit/aggsender/flows/flow_base.go:423.48,425.59 1 6
github.com/agglayer/aggkit/aggsender/flows/flow_base.go:425.59,427.4 1 1
github.com/agglayer/aggkit/aggsender/flows/flow_base.go:429.3,429.42 1 5
github.com/agglayer/aggkit/aggsender/flows/flow_base.go:429.42,432.4 2 1
github.com/agglayer/aggkit/aggsender/flows/flow_base.go:434.3,437.17 3 4
github.com/agglayer/aggkit/aggsender/flows/flow_base.go:437.17,439.4 1 1
github.com/agglayer/aggkit/aggsender/flows/flow_base.go:440.3,440.28 1 3
github.com/agglayer/aggkit/aggsender/flows/flow_base.go:440.28,442.4 1 1
github.com/agglayer/aggkit/aggsender/flows/flow_base.go:443.3,443.41 1 2
github.com/agglayer/aggkit/aggsender/flows/flow_base.go:443.41,446.4 1 1
github.com/agglayer/aggkit/aggsender/flows/flow_base.go:448.3,448.78 1 1
github.com/agglayer/aggkit/aggsender/flows/flow_base.go:450.2,451.73 1 0
github.com/agglayer/aggkit/aggsender/flows/flow_base.go:455.69,456.31 1 11
github.com/agglayer/aggkit/aggsender/flows/flow_base.go:456.31,458.34 2 10
github.com/agglayer/aggkit/aggsender/flows/flow_base.go:458.34,461.4 1 2
github.com/agglayer/aggkit/aggsender/flows/flow_base.go:464.2,464.12 1 9
github.com/agglayer/aggkit/aggsender/flows/flow_base.go:469.98,470.98 1 12
github.com/agglayer/aggkit/aggsender/flows/flow_base.go:470.98,473.3 1 1
github.com/agglayer/aggkit/aggsender/flows/flow_base.go:475.2,475.12 1 11
github.com/agglayer/aggkit/aggsender/flows/flow_base.go:483.41,484.32 1 9
github.com/agglayer/aggkit/aggsender/flows/flow_base.go:484.32,486.3 1 1
github.com/agglayer/aggkit/aggsender/flows/flow_base.go:488.2,490.44 3 8
github.com/agglayer/aggkit/aggsender/flows/flow_base.go:490.44,495.40 1 1
github.com/agglayer/aggkit/aggsender/flows/flow_base.go:495.40,497.4 1 1
github.com/agglayer/aggkit/aggsender/flows/flow_base.go:498.8,501.3 2 7
github.com/agglayer/aggkit/aggsender/flows/flow_base.go:503.2,506.44 3 8
github.com/agglayer/aggkit/aggsender/flows/flow_base.go:506.44,511.3 1 1
github.com/agglayer/aggkit/aggsender/flows/flow_base.go:514.2,515.19 2 7
github.com/agglayer/aggkit/aggsender/flows/flow_base.go:515.19,517.3 1 1
github.com/agglayer/aggkit/aggsender/flows/flow_base.go:519.2,521.16 2 6
github.com/agglayer/aggkit/aggsender/flows/flow_base.go:521.16,523.3 1 1
github.com/agglayer/aggkit/aggsender/flows/flow_base.go:524.2,524.63 1 5
github.com/agglayer/aggkit/aggsender/flows/flow_base.go:524.63,527.3 1 2
github.com/agglayer/aggkit/aggsender/flows/flow_base.go:529.2,529.50 1 3
github.com/agglayer/aggkit/aggsender/flows/flow_base.go:529.50,534.3 1 1
github.com/agglayer/aggkit/aggsender/flows/flow_base.go:536.2,536.12 1 2
github.com/agglayer/aggkit/aggsender/flows/flow_base.go:541.114,542.36 1 19
github.com/agglayer/aggkit/aggsender/flows/flow_base.go:542.36,545.3 1 4
github.com/agglayer/aggkit/aggsender/flows/flow_base.go:547.2,550.61 3 15
github.com/agglayer/aggkit/aggsender/flows/flow_base.go:550.61,553.44 1 2
github.com/agglayer/aggkit/aggsender/flows/flow_base.go:553.44,555.4 1 1
github.com/agglayer/aggkit/aggsender/flows/flow_base.go:557.3,557.54 1 2
github.com/agglayer/aggkit/aggsender/flows/flow_base.go:559.2,559.34 1 15
github.com/agglayer/aggkit/aggsender/flows/flow_base.go:570.42,576.2 1 29
github.com/agglayer/aggkit/aggsender/flows/flow_base.go:582.44,583.44 1 93
github.com/agglayer/aggkit/aggsender/flows/flow_base.go:583.44,585.47 1 38
github.com/agglayer/aggkit/aggsender/flows/flow_base.go:585.47,587.4 1 0
github.com/agglayer/aggkit/aggsender/flows/flow_base.go:588.3,588.21 1 38
github.com/agglayer/aggkit/aggsender/flows/flow_base.go:592.2,593.57 2 55
github.com/agglayer/aggkit/aggsender/flows/flow_base.go:593.57,596.3 2 3
github.com/agglayer/aggkit/aggsender/flows/flow_base.go:597.2,598.25 2 52
github.com/agglayer/aggkit/aggsender/flows/flow_base.go:604.33,605.45 1 36
github.com/agglayer/aggkit/aggsender/flows/flow_base.go:605.45,607.47 1 0
github.com/agglayer/aggkit/aggsender/flows/flow_base.go:607.47,609.4 1 0
github.com/agglayer/aggkit/aggsender/flows/flow_base.go:610.3,610.21 1 0
github.com/agglayer/aggkit/aggsender/flows/flow_base.go:614.2,615.16 2 36
github.com/agglayer/aggkit/aggsender/flows/flow_base.go:615.16,618.3 2 2
github.com/agglayer/aggkit/aggsender/flows/flow_base.go:619.2,620.20 2 34
github.com/agglayer/aggkit/aggsender/flows/flow_base.go:641.83,645.38 2 29
github.com/agglayer/aggkit/aggsender/flows/flow_base.go:645.38,647.17 2 56
github.com/agglayer/aggkit/aggsender/flows/flow_base.go:647.17,649.4 1 3
github.com/agglayer/aggkit/aggsender/flows/flow_base.go:651.3,651.22 1 53
github.com/agglayer/aggkit/aggsender/flows/flow_base.go:651.22,654.18 2 36
github.com/agglayer/aggkit/aggsender/flows/flow_base.go:654.18,656.5 1 2
github.com/agglayer/aggkit/aggsender/flows/flow_base.go:658.4,658.14 1 34
github.com/agglayer/aggkit/aggsender/flows/flow_base.go:658.14,663.19 3 14
github.com/agglayer/aggkit/aggsender/flows/flow_base.go:663.19,665.6 1 0
github.com/agglayer/aggkit/aggsender/flows/flow_base.go:666.5,666.10 1 14
github.com/agglayer/aggkit/aggsender/flows/flow_base.go:677.2,678.16 2 24
github.com/agglayer/aggkit/aggsender/flows/flow_base.go:678.16,680.3 1 0
github.com/agglayer/aggkit/aggsender/flows/flow_base.go:681.2,681.19 1 24
github.com/agglayer/aggkit/aggsender/flows/flow_base.go:681.19,683.40 2 7
github.com/agglayer/aggkit/aggsender/flows/flow_base.go:683.40,687.4 1 1
github.com/agglayer/aggkit/aggsender/flows/flow_base.go:688.3,690.46 2 6
github.com/agglayer/aggkit/aggsender/flows/flow_base.go:693.2,693.24 1 17
github.com/agglayer/aggkit/aggsender/flows/flow_base.go:707.41,710.46 2 24
github.com/agglayer/aggkit/aggsender/flows/flow_base.go:710.46,713.77 2 12
github.com/agglayer/aggkit/aggsender/flows/flow_base.go:713.77,715.4 1 12
github.com/agglayer/aggkit/aggsender/flows/flow_base.go:718.2,721.42 2 24
github.com/agglayer/aggkit/aggsender/flows/flow_base.go:721.42,724.17 2 33
github.com/agglayer/aggkit/aggsender/flows/flow_base.go:724.17,727.4 1 0
github.com/agglayer/aggkit/aggsender/flows/flow_base.go:730.3,730.21 1 33
github.com/agglayer/aggkit/aggsender/flows/flow_base.go:730.21,731.12 1 15
github.com/agglayer/aggkit/aggsender/flows/flow_base.go:736.3,737.18 2 18
github.com/agglayer/aggkit/aggsender/flows/flow_base.go:737.18,739.66 1 7
github.com/agglayer/aggkit/aggsender/flows/flow_base.go:739.66,741.5 1 5
github.com/agglayer/aggkit/aggsender/flows/flow_base.go:742.4,742.32 1 7
github.com/agglayer/aggkit/aggsender/flows/flow_base.go:750.3,750.51 1 11
github.com/agglayer/aggkit/aggsender/flows/flow_base.go:750.51,752.42 2 10
github.com/agglayer/aggkit/aggsender/flows/flow_base.go:752.42,754.13 1 6
github.com/agglayer/aggkit/aggsender/flows/flow_base.go:758.4,759.18 2 4
github.com/agglayer/aggkit/aggsender/flows/flow_base.go:759.18,762.5 1 0
github.com/agglayer/aggkit/aggsender/flows/flow_base.go:763.4,763.27 1 4
github.com/agglayer/aggkit/aggsender/flows/flow_base.go:763.27,764.13 1 0
github.com/agglayer/aggkit/aggsender/flows/flow_base.go:769.4,770.60 2 4
github.com/agglayer/aggkit/aggsender/flows/flow_base.go:770.60,772.13 1 1
github.com/agglayer/aggkit/aggsender/flows/flow_base.go:776.4,776.66 1 3
github.com/agglayer/aggkit/aggsender/flows/flow_base.go:776.66,778.5 1 2
github.com/agglayer/aggkit/aggsender/flows/flow_base.go:782.2,782.30 1 17
github.com/agglayer/aggkit/aggsender/flows/max_l2blocknumber_limiter.go:30.28,37.2 1 52
github.com/agglayer/aggkit/aggsender/flows/max_l2blocknumber_limiter.go:39.52,41.2 1 42
github.com/agglayer/aggkit/aggsender/flows/max_l2blocknumber_limiter.go:43.77,44.20 1 12
github.com/agglayer/aggkit/aggsender/flows/max_l2blocknumber_limiter.go:44.20,46.3 1 1
github.com/agglayer/aggkit/aggsender/flows/max_l2blocknumber_limiter.go:47.2,47.38 1 11
github.com/agglayer/aggkit/aggsender/flows/max_l2blocknumber_limiter.go:51.34,52.20 1 9
github.com/agglayer/aggkit/aggsender/flows/max_l2blocknumber_limiter.go:52.20,54.3 1 1
github.com/agglayer/aggkit/aggsender/flows/max_l2blocknumber_limiter.go:59.2,59.74 1 8
github.com/agglayer/aggkit/aggsender/flows/max_l2blocknumber_limiter.go:64.84,65.20 1 21
github.com/agglayer/aggkit/aggsender/flows/max_l2blocknumber_limiter.go:65.20,67.3 1 12
github.com/agglayer/aggkit/aggsender/flows/max_l2blocknumber_limiter.go:68.2,68.24 1 9
github.com/agglayer/aggkit/aggsender/flows/max_l2blocknumber_limiter.go:68.24,70.3 1 1
github.com/agglayer/aggkit/aggsender/flows/max_l2blocknumber_limiter.go:72.2,72.49 1 8
github.com/agglayer/aggkit/aggsender/flows/max_l2blocknumber_limiter.go:72.49,74.3 1 1
github.com/agglayer/aggkit/aggsender/flows/max_l2blocknumber_limiter.go:75.2,78.57 2 7
github.com/agglayer/aggkit/aggsender/flows/max_l2blocknumber_limiter.go:78.57,83.3 1 1
github.com/agglayer/aggkit/aggsender/flows/max_l2blocknumber_limiter.go:85.2,85.71 1 6
github.com/agglayer/aggkit/aggsender/flows/max_l2blocknumber_limiter.go:85.71,90.3 1 2
github.com/agglayer/aggkit/aggsender/flows/max_l2blocknumber_limiter.go:91.2,91.48 1 4
github.com/agglayer/aggkit/aggsender/flows/max_l2blocknumber_limiter.go:91.48,99.3 2 1
github.com/agglayer/aggkit/aggsender/flows/max_l2blocknumber_limiter.go:100.2,104.16 3 3
github.com/agglayer/aggkit/aggsender/flows/max_l2blocknumber_limiter.go:104.16,108.3 1 0
github.com/agglayer/aggkit/aggsender/flows/max_l2blocknumber_limiter.go:109.2,109.66 1 3
github.com/agglayer/aggkit/aggsender/flows/max_l2blocknumber_limiter.go:109.66,113.3 1 1
github.com/agglayer/aggkit/aggsender/flows/max_l2blocknumber_limiter.go:114.2,114.78 1 2
github.com/agglayer/aggkit/aggsender/flows/max_l2blocknumber_limiter.go:114.78,116.42 1 1
github.com/agglayer/aggkit/aggsender/flows/max_l2blocknumber_limiter.go:116.42,120.4 1 1
github.com/agglayer/aggkit/aggsender/flows/max_l2blocknumber_limiter.go:120.9,124.4 2 0
github.com/agglayer/aggkit/aggsender/flows/max_l2blocknumber_limiter.go:126.2,126.28 1 1
github.com/agglayer/aggkit/aggsender/flows/verifier_flow_aggchain_prover.go:24.31,29.2 1 2
github.com/agglayer/aggkit/aggsender/flows/verifier_flow_aggchain_prover.go:37.33,38.30 1 8
github.com/agglayer/aggkit/aggsender/flows/verifier_flow_aggchain_prover.go:38.30,40.3 1 1
github.com/agglayer/aggkit/aggsender/flows/verifier_flow_aggchain_prover.go:41.2,42.39 2 7
github.com/agglayer/aggkit/aggsender/flows/verifier_flow_aggchain_prover.go:43.40,44.24 1 5
github.com/agglayer/aggkit/aggsender/flows/verifier_flow_aggchain_prover.go:45.52,46.38 1 1
github.com/agglayer/aggkit/aggsender/flows/verifier_flow_aggchain_prover.go:47.10,48.109 1 1
github.com/agglayer/aggkit/aggsender/flows/verifier_flow_aggchain_prover.go:53.2,54.16 2 6
github.com/agglayer/aggkit/aggsender/flows/verifier_flow_aggchain_prover.go:54.16,57.3 1 1
github.com/agglayer/aggkit/aggsender/flows/verifier_flow_aggchain_prover.go:59.2,64.16 2 5
github.com/agglayer/aggkit/aggsender/flows/verifier_flow_aggchain_prover.go:64.16,66.3 1 1
github.com/agglayer/aggkit/aggsender/flows/verifier_flow_aggchain_prover.go:68.2,69.16 2 4
github.com/agglayer/aggkit/aggsender/flows/verifier_flow_aggchain_prover.go:69.16,71.3 1 0
github.com/agglayer/aggkit/aggsender/flows/verifier_flow_aggchain_prover.go:73.2,73.68 1 4
github.com/agglayer/aggkit/aggsender/flows/verifier_flow_aggchain_prover.go:73.68,78.3 2 1
github.com/agglayer/aggkit/aggsender/flows/verifier_flow_aggchain_prover.go:80.2,82.12 2 3
github.com/agglayer/aggkit/aggsender/flows/verifier_flow_factory.go:29.63,30.18 1 5
github.com/agglayer/aggkit/aggsender/flows/verifier_flow_factory.go:31.34,45.17 2 2
github.com/agglayer/aggkit/aggsender/flows/verifier_flow_factory.go:45.17,47.4 1 1
github.com/agglayer/aggkit/aggsender/flows/verifier_flow_factory.go:49.3,60.67 2 1
github.com/agglayer/aggkit/aggsender/flows/verifier_flow_factory.go:61.31,77.17 2 2
github.com/agglayer/aggkit/aggsender/flows/verifier_flow_factory.go:77.17,79.4 1 1
github.com/agglayer/aggkit/aggsender/flows/verifier_flow_factory.go:81.3,86.17 2 1
github.com/agglayer/aggkit/aggsender/flows/verifier_flow_factory.go:86.17,88.4 1 0
github.com/agglayer/aggkit/aggsender/flows/verifier_flow_factory.go:90.3,103.95 2 1
github.com/agglayer/aggkit/aggsender/flows/verifier_flow_factory.go:104.10,105.84 1 1
github.com/agglayer/aggkit/aggsender/flows/verifier_flow_factory.go:115.40,116.18 1 10
github.com/agglayer/aggkit/aggsender/flows/verifier_flow_factory.go:117.34,119.10 2 4
github.com/agglayer/aggkit/aggsender/flows/verifier_flow_factory.go:119.10,122.4 1 2
github.com/agglayer/aggkit/aggsender/flows/verifier_flow_factory.go:124.3,124.47 1 2
github.com/agglayer/aggkit/aggsender/flows/verifier_flow_factory.go:125.31,126.61 1 3
github.com/agglayer/aggkit/aggsender/flows/verifier_flow_factory.go:126.61,128.4 1 0
github.com/agglayer/aggkit/aggsender/flows/verifier_flow_factory.go:129.3,130.10 2 3
github.com/agglayer/aggkit/aggsender/flows/verifier_flow_factory.go:130.10,133.4 1 2
github.com/agglayer/aggkit/aggsender/flows/verifier_flow_factory.go:135.3,140.17 2 1
github.com/agglayer/aggkit/aggsender/flows/verifier_flow_factory.go:140.17,142.4 1 0
github.com/agglayer/aggkit/aggsender/flows/verifier_flow_factory.go:144.3,144.73 1 1
github.com/agglayer/aggkit/aggsender/flows/verifier_flow_factory.go:145.10,146.79 1 3
github.com/agglayer/aggkit/aggsender/flows/verifier_flow_factory.go:155.35,157.16 2 2
github.com/agglayer/aggkit/aggsender/flows/verifier_flow_factory.go:157.16,160.3 1 0
github.com/agglayer/aggkit/aggsender/flows/verifier_flow_factory.go:162.2,168.28 2 2
github.com/agglayer/aggkit/aggsender/flows/verifier_flow_pp.go:18.68,22.2 1 3
github.com/agglayer/aggkit/aggsender/flows/verifier_flow_pp.go:30.33,35.2 1 0
github.com/agglayer/aggkit/aggsender/optimistic/config.go:25.34,26.55 1 5
github.com/agglayer/aggkit/aggsender/optimistic/config.go:26.55,28.3 1 1
github.com/agglayer/aggkit/aggsender/optimistic/config.go:29.2,29.23 1 4
github.com/agglayer/aggkit/aggsender/optimistic/config.go:29.23,31.3 1 0
github.com/agglayer/aggkit/aggsender/optimistic/config.go:32.2,32.12 1 4
github.com/agglayer/aggkit/aggsender/optimistic/optimistic.go:17.94,19.16 2 0
github.com/agglayer/aggkit/aggsender/optimistic/optimistic.go:19.16,21.3 1 0
github.com/agglayer/aggkit/aggsender/optimistic/optimistic.go:23.2,29.16 2 0
github.com/agglayer/aggkit/aggsender/optimistic/optimistic.go:29.16,31.3 1 0
github.com/agglayer/aggkit/aggsender/optimistic/optimistic.go:32.2,33.16 2 0
github.com/agglayer/aggkit/aggsender/optimistic/optimistic.go:33.16,35.3 1 0
github.com/agglayer/aggkit/aggsender/optimistic/optimistic.go:36.2,36.53 1 0
github.com/agglayer/aggkit/aggsender/optimistic/optimistic_mode_query.go:18.88,20.16 2 0
github.com/agglayer/aggkit/aggsender/optimistic/optimistic_mode_query.go:20.16,23.3 1 0
github.com/agglayer/aggkit/aggsender/optimistic/optimistic_mode_query.go:25.2,27.8 1 0
github.com/agglayer/aggkit/aggsender/optimistic/optimistic_mode_query.go:30.80,32.16 2 3
github.com/agglayer/aggkit/aggsender/optimistic/optimistic_mode_query.go:32.16,35.3 1 1
github.com/agglayer/aggkit/aggsender/optimistic/optimistic_mode_query.go:36.2,36.28 1 2
github.com/agglayer/aggkit/aggsender/optimistic/optimistic_sign.go:32.47,33.39 1 5
github.com/agglayer/aggkit/aggsender/optimistic/optimistic_sign.go:33.39,35.3 1 1
github.com/agglayer/aggkit/aggsender/optimistic/optimistic_sign.go:36.2,37.16 2 4
github.com/agglayer/aggkit/aggsender/optimistic/optimistic_sign.go:37.16,39.3 1 0
github.com/agglayer/aggkit/aggsender/optimistic/optimistic_sign.go:41.2,41.47 1 4
github.com/agglayer/aggkit/aggsender/optimistic/optimistic_sign.go:41.47,43.3 1 0
github.com/agglayer/aggkit/aggsender/optimistic/optimistic_sign.go:45.2,52.16 3 4
github.com/agglayer/aggkit/aggsender/optimistic/optimistic_sign.go:52.16,54.3 1 3
github.com/agglayer/aggkit/aggsender/optimistic/optimistic_sign.go:56.2,72.8 3 1
github.com/agglayer/aggkit/aggsender/optimistic/optimistic_sign.go:82.27,84.16 2 4
github.com/agglayer/aggkit/aggsender/optimistic/optimistic_sign.go:84.16,86.22 2 2
github.com/agglayer/aggkit/aggsender/optimistic/optimistic_sign.go:86.22,88.4 1 2
github.com/agglayer/aggkit/aggsender/optimistic/optimistic_sign.go:89.3,89.27 1 0
github.com/agglayer/aggkit/aggsender/optimistic/optimistic_sign.go:92.2,92.54 1 2
github.com/agglayer/aggkit/aggsender/optimistic/optimistic_sign.go:92.54,96.22 2 1
github.com/agglayer/aggkit/aggsender/optimistic/optimistic_sign.go:96.22,98.4 1 1
github.com/agglayer/aggkit/aggsender/optimistic/optimistic_sign.go:99.3,99.27 1 0
github.com/agglayer/aggkit/aggsender/optimistic/optimistic_sign.go:102.2,102.34 1 1
github.com/agglayer/aggkit/aggsender/optimistic/optimistic_sign.go:111.27,119.16 3 3
github.com/agglayer/aggkit/aggsender/optimistic/optimistic_sign.go:119.16,121.3 1 1
github.com/agglayer/aggkit/aggsender/optimistic/optimistic_sign.go:122.2,124.16 3 2
github.com/agglayer/aggkit/aggsender/optimistic/optimistic_sign.go:124.16,126.3 1 0
github.com/agglayer/aggkit/aggsender/optimistic/optimistic_sign.go:127.2,138.16 7 2
github.com/agglayer/aggkit/aggsender/optimistic/optimistic_sign.go:138.16,141.3 1 1
github.com/agglayer/aggkit/aggsender/optimistic/optimistic_sign.go:142.2,148.33 2 1
github.com/agglayer/aggkit/aggsender/optimistic/optimistichash/calculate_hash.go:20.54,26.2 1 1
github.com/agglayer/aggkit/aggsender/optimistic/optimistichash/calculate_hash.go:28.51,35.2 1 1
github.com/agglayer/aggkit/aggsender/optimistic/optimistichash/calculate_hash_commit_imported_bridges.go:20.94,23.2 2 0
github.com/agglayer/aggkit/aggsender/optimistic/optimistichash/calculate_hash_commit_imported_bridges.go:34.97,37.31 3 1
github.com/agglayer/aggkit/aggsender/optimistic/optimistichash/calculate_hash_commit_imported_bridges.go:37.31,41.3 3 2
github.com/agglayer/aggkit/aggsender/optimistic/optimistichash/calculate_hash_commit_imported_bridges.go:42.2,42.13 1 1
github.com/agglayer/aggkit/aggsender/optimistic/optimistichash/calculate_hash_commit_imported_bridges.go:44.65,46.35 2 1
github.com/agglayer/aggkit/aggsender/optimistic/optimistichash/calculate_hash_commit_imported_bridges.go:46.35,49.3 2 2
github.com/agglayer/aggkit/aggsender/optimistic/optimistichash/calculate_hash_commit_imported_bridges.go:50.2,50.39 1 1
github.com/agglayer/aggkit/aggsender/optimistic/optimistichash/calculate_hash_commit_imported_bridges.go:53.88,56.2 2 3
github.com/agglayer/aggkit/aggsender/prover/proof_generation_rpc.go:16.64,20.2 1 3
github.com/agglayer/aggkit/aggsender/prover/proof_generation_rpc.go:26.70,28.16 2 2
github.com/agglayer/aggkit/aggsender/prover/proof_generation_rpc.go:28.16,30.3 1 1
github.com/agglayer/aggkit/aggsender/prover/proof_generation_rpc.go:32.2,32.19 1 1
github.com/agglayer/aggkit/aggsender/prover/proof_generation_tool.go:67.77,69.2 1 0
github.com/agglayer/aggkit/aggsender/prover/proof_generation_tool.go:80.41,81.58 1 2
github.com/agglayer/aggkit/aggsender/prover/proof_generation_tool.go:81.58,83.3 1 0
github.com/agglayer/aggkit/aggsender/prover/proof_generation_tool.go:85.2,86.16 2 2
github.com/agglayer/aggkit/aggsender/prover/proof_generation_tool.go:86.16,88.3 1 0
github.com/agglayer/aggkit/aggsender/prover/proof_generation_tool.go:90.2,92.16 2 2
github.com/agglayer/aggkit/aggsender/prover/proof_generation_tool.go:92.16,94.3 1 0
github.com/agglayer/aggkit/aggsender/prover/proof_generation_tool.go:96.2,97.16 2 2
github.com/agglayer/aggkit/aggsender/prover/proof_generation_tool.go:97.16,99.3 1 2
github.com/agglayer/aggkit/aggsender/prover/proof_generation_tool.go:101.2,102.16 2 0
github.com/agglayer/aggkit/aggsender/prover/proof_generation_tool.go:102.16,104.3 1 0
github.com/agglayer/aggkit/aggsender/prover/proof_generation_tool.go:106.2,133.8 4 0
github.com/agglayer/aggkit/aggsender/prover/proof_generation_tool.go:137.70,144.2 1 1
github.com/agglayer/aggkit/aggsender/prover/proof_generation_tool.go:149.69,155.16 3 4
github.com/agglayer/aggkit/aggsender/prover/proof_generation_tool.go:155.16,157.3 1 1
github.com/agglayer/aggkit/aggsender/prover/proof_generation_tool.go:159.2,162.41 2 3
github.com/agglayer/aggkit/aggsender/prover/proof_generation_tool.go:162.41,168.3 2 0
github.com/agglayer/aggkit/aggsender/prover/proof_generation_tool.go:170.2,176.16 4 3
github.com/agglayer/aggkit/aggsender/prover/proof_generation_tool.go:176.16,178.3 1 1
github.com/agglayer/aggkit/aggsender/prover/proof_generation_tool.go:180.2,195.16 5 2
github.com/agglayer/aggkit/aggsender/prover/proof_generation_tool.go:195.16,197.3 1 1
github.com/agglayer/aggkit/aggsender/prover/proof_generation_tool.go:199.2,201.41 2 1
github.com/agglayer/aggkit/aggsender/rpc/aggsender_rpc.go:54.17,63.2 1 12
github.com/agglayer/aggkit/aggsender/rpc/aggsender_rpc.go:68.58,71.2 2 1
github.com/agglayer/aggkit/aggsender/rpc/aggsender_rpc.go:76.70,79.2 2 1
github.com/agglayer/aggkit/aggsender/rpc/aggsender_rpc.go:92.95,97.19 2 4
github.com/agglayer/aggkit/aggsender/rpc/aggsender_rpc.go:97.19,99.3 1 3
github.com/agglayer/aggkit/aggsender/rpc/aggsender_rpc.go:99.8,101.3 1 1
github.com/agglayer/aggkit/aggsender/rpc/aggsender_rpc.go:102.2,102.16 1 4
github.com/agglayer/aggkit/aggsender/rpc/aggsender_rpc.go:102.16,104.3 1 1
github.com/agglayer/aggkit/aggsender/rpc/aggsender_rpc.go:105.2,105.17 1 3
github.com/agglayer/aggkit/aggsender/rpc/aggsender_rpc.go:105.17,107.3 1 1
github.com/agglayer/aggkit/aggsender/rpc/aggsender_rpc.go:109.2,109.18 1 2
github.com/agglayer/aggkit/aggsender/rpc/aggsender_rpc.go:122.91,124.19 2 6
github.com/agglayer/aggkit/aggsender/rpc/aggsender_rpc.go:124.19,126.17 2 3
github.com/agglayer/aggkit/aggsender/rpc/aggsender_rpc.go:126.17,129.4 1 1
github.com/agglayer/aggkit/aggsender/rpc/aggsender_rpc.go:130.3,130.18 1 2
github.com/agglayer/aggkit/aggsender/rpc/aggsender_rpc.go:130.18,132.4 1 1
github.com/agglayer/aggkit/aggsender/rpc/aggsender_rpc.go:133.3,133.38 1 1
github.com/agglayer/aggkit/aggsender/rpc/aggsender_rpc.go:134.8,136.3 1 3
github.com/agglayer/aggkit/aggsender/rpc/aggsender_rpc.go:137.2,138.16 2 4
github.com/agglayer/aggkit/aggsender/rpc/aggsender_rpc.go:138.16,141.3 1 1
github.com/agglayer/aggkit/aggsender/rpc/aggsender_rpc.go:142.2,142.18 1 3
github.com/agglayer/aggkit/aggsender/rpc/aggsender_rpc.go:142.18,145.3 1 1
github.com/agglayer/aggkit/aggsender/rpc/aggsender_rpc.go:146.2,146.19 1 2
github.com/agglayer/aggkit/aggsender/rpc/aggsender_rpc.go:151.113,152.20 1 3
github.com/agglayer/aggkit/aggsender/rpc/aggsender_rpc.go:152.20,154.3 1 1
github.com/agglayer/aggkit/aggsender/rpc/aggsender_rpc.go:155.2,156.16 2 2
github.com/agglayer/aggkit/aggsender/rpc/aggsender_rpc.go:156.16,158.3 1 0
github.com/agglayer/aggkit/aggsender/rpc/aggsender_rpc.go:159.2,160.16 2 2
github.com/agglayer/aggkit/aggsender/rpc/aggsender_rpc.go:160.16,162.3 1 0
github.com/agglayer/aggkit/aggsender/rpc/aggsender_rpc.go:163.2,164.34 2 2
github.com/agglayer/aggkit/aggsender/rpc/aggsender_rpc.go:164.34,167.3 1 1
github.com/agglayer/aggkit/aggsender/rpc/aggsender_rpc.go:168.2,170.16 3 1
github.com/agglayer/aggkit/aggsender/rpc/aggsender_rpc.go:170.16,172.3 1 0
github.com/agglayer/aggkit/aggsender/rpc/aggsender_rpc.go:174.2,175.16 2 1
github.com/agglayer/aggkit/aggsender/rpc/aggsender_rpc.go:175.16,177.3 1 0
github.com/agglayer/aggkit/aggsender/rpc/aggsender_rpc.go:177.8,192.70 4 1
github.com/agglayer/aggkit/aggsender/rpc/aggsender_rpc.go:192.70,194.4 1 0
github.com/agglayer/aggkit/aggsender/rpc/aggsender_rpc.go:196.2,196.22 1 1
github.com/agglayer/aggkit/aggsender/rpc/debug_cert_hash.go:14.88,16.16 2 4
github.com/agglayer/aggkit/aggsender/rpc/debug_cert_hash.go:16.16,18.3 1 0
github.com/agglayer/aggkit/aggsender/rpc/debug_cert_hash.go:19.2,19.40 1 4
github.com/agglayer/aggkit/aggsender/query/agg_proof_fep_inputs_query.go:24.26,34.2 1 0
github.com/agglayer/aggkit/aggsender/query/agg_proof_fep_inputs_query.go:39.79,44.2 1 3
github.com/agglayer/aggkit/aggsender/query/agg_proof_fep_inputs_query.go:49.65,51.16 2 3
github.com/agglayer/aggkit/aggsender/query/agg_proof_fep_inputs_query.go:51.16,53.3 1 1
github.com/agglayer/aggkit/aggsender/query/agg_proof_fep_inputs_query.go:55.2,56.16 2 2
github.com/agglayer/aggkit/aggsender/query/agg_proof_fep_inputs_query.go:56.16,58.3 1 1
github.com/agglayer/aggkit/aggsender/query/agg_proof_fep_inputs_query.go:60.2,65.28 2 1
github.com/agglayer/aggkit/aggsender/query/agg_proof_public_values_query.go:37.30,44.2 1 6
github.com/agglayer/aggkit/aggsender/query/agg_proof_public_values_query.go:50.79,52.16 2 6
github.com/agglayer/aggkit/aggsender/query/agg_proof_public_values_query.go:52.16,55.3 1 1
github.com/agglayer/aggkit/aggsender/query/agg_proof_public_values_query.go:56.2,57.16 2 5
github.com/agglayer/aggkit/aggsender/query/agg_proof_public_values_query.go:57.16,60.3 1 1
github.com/agglayer/aggkit/aggsender/query/agg_proof_public_values_query.go:61.2,62.16 2 4
github.com/agglayer/aggkit/aggsender/query/agg_proof_public_values_query.go:62.16,65.3 1 1
github.com/agglayer/aggkit/aggsender/query/agg_proof_public_values_query.go:66.2,67.16 2 3
github.com/agglayer/aggkit/aggsender/query/agg_proof_public_values_query.go:67.16,70.3 1 1
github.com/agglayer/aggkit/aggsender/query/agg_proof_public_values_query.go:72.2,73.51 2 2
github.com/agglayer/aggkit/aggsender/query/agg_proof_public_values_query.go:73.51,76.17 2 1
github.com/agglayer/aggkit/aggsender/query/agg_proof_public_values_query.go:76.17,79.4 1 0
github.com/agglayer/aggkit/aggsender/query/agg_proof_public_values_query.go:82.2,91.8 1 2
github.com/agglayer/aggkit/aggsender/query/agg_proof_public_values_query.go:95.97,97.16 2 1
github.com/agglayer/aggkit/aggsender/query/agg_proof_public_values_query.go:97.16,100.3 1 0
github.com/agglayer/aggkit/aggsender/query/agg_proof_public_values_query.go:102.2,102.22 1 1
github.com/agglayer/aggkit/aggsender/query/agg_proof_public_values_query.go:102.22,104.3 1 0
github.com/agglayer/aggkit/aggsender/query/agg_proof_public_values_query.go:106.2,106.24 1 1
github.com/agglayer/aggkit/aggsender/query/aggchain_fep_rollup_query.go:22.62,24.2 1 1
github.com/agglayer/aggkit/aggsender/query/aggchain_fep_rollup_query.go:26.80,28.2 1 1
github.com/agglayer/aggkit/aggsender/query/aggchain_fep_rollup_query.go:30.53,32.2 1 0
github.com/agglayer/aggkit/aggsender/query/aggchain_fep_rollup_query.go:36.79,38.2 1 0
github.com/agglayer/aggkit/aggsender/query/aggchain_fep_rollup_query.go:72.85,73.96 1 2
github.com/agglayer/aggkit/aggsender/query/aggchain_fep_rollup_query.go:73.96,78.3 2 1
github.com/agglayer/aggkit/aggsender/query/aggchain_fep_rollup_query.go:80.2,81.16 2 1
github.com/agglayer/aggkit/aggsender/query/aggchain_fep_rollup_query.go:81.16,84.3 1 0
github.com/agglayer/aggkit/aggsender/query/aggchain_fep_rollup_query.go:86.2,86.76 1 1
github.com/agglayer/aggkit/aggsender/query/aggchain_fep_rollup_query.go:93.43,95.16 2 5
github.com/agglayer/aggkit/aggsender/query/aggchain_fep_rollup_query.go:95.16,98.3 1 2
github.com/agglayer/aggkit/aggsender/query/aggchain_fep_rollup_query.go:100.2,107.8 2 3
github.com/agglayer/aggkit/aggsender/query/aggchain_fep_rollup_query.go:111.49,113.2 1 0
github.com/agglayer/aggkit/aggsender/query/aggchain_fep_rollup_query.go:116.58,118.2 1 1
github.com/agglayer/aggkit/aggsender/query/aggchain_fep_rollup_query.go:123.76,125.16 2 2
github.com/agglayer/aggkit/aggsender/query/aggchain_fep_rollup_query.go:125.16,128.3 1 1
github.com/agglayer/aggkit/aggsender/query/aggchain_fep_rollup_query.go:130.2,130.43 1 1
github.com/agglayer/aggkit/aggsender/query/aggchain_proof_query.go:48.23,58.2 1 9
github.com/agglayer/aggkit/aggsender/query/aggchain_proof_query.go:79.33,84.16 3 4
github.com/agglayer/aggkit/aggsender/query/aggchain_proof_query.go:84.16,86.3 1 1
github.com/agglayer/aggkit/aggsender/query/aggchain_proof_query.go:88.2,90.16 3 3
github.com/agglayer/aggkit/aggsender/query/aggchain_proof_query.go:90.16,92.3 1 1
github.com/agglayer/aggkit/aggsender/query/aggchain_proof_query.go:94.2,95.16 2 2
github.com/agglayer/aggkit/aggsender/query/aggchain_proof_query.go:95.16,97.3 1 0
github.com/agglayer/aggkit/aggsender/query/aggchain_proof_query.go:99.2,100.16 2 2
github.com/agglayer/aggkit/aggsender/query/aggchain_proof_query.go:100.16,102.3 1 0
github.com/agglayer/aggkit/aggsender/query/aggchain_proof_query.go:104.2,105.16 2 2
github.com/agglayer/aggkit/aggsender/query/aggchain_proof_query.go:105.16,107.3 1 0
github.com/agglayer/aggkit/aggsender/query/aggchain_proof_query.go:109.2,130.21 5 2
github.com/agglayer/aggkit/aggsender/query/aggchain_proof_query.go:130.21,132.3 1 2
github.com/agglayer/aggkit/aggsender/query/aggchain_proof_query.go:132.8,134.3 1 0
github.com/agglayer/aggkit/aggsender/query/aggchain_proof_query.go:136.2,136.16 1 2
github.com/agglayer/aggkit/aggsender/query/aggchain_proof_query.go:136.16,142.3 3 1
github.com/agglayer/aggkit/aggsender/query/aggchain_proof_query.go:144.2,148.27 2 1
github.com/agglayer/aggkit/aggsender/query/aggchain_proof_query.go:154.69,155.28 1 5
github.com/agglayer/aggkit/aggsender/query/aggchain_proof_query.go:155.28,157.3 1 1
github.com/agglayer/aggkit/aggsender/query/aggchain_proof_query.go:158.2,159.16 2 4
github.com/agglayer/aggkit/aggsender/query/aggchain_proof_query.go:159.16,161.3 1 1
github.com/agglayer/aggkit/aggsender/query/aggchain_proof_query.go:162.2,163.16 2 3
github.com/agglayer/aggkit/aggsender/query/aggchain_proof_query.go:163.16,165.3 1 1
github.com/agglayer/aggkit/aggsender/query/aggchain_proof_query.go:166.2,171.15 4 2
github.com/agglayer/aggkit/aggsender/query/aggchain_proof_query.go:171.15,173.3 1 2
github.com/agglayer/aggkit/aggsender/query/aggchain_proof_query.go:175.2,176.16 2 2
github.com/agglayer/aggkit/aggsender/query/aggchain_proof_query.go:176.16,179.3 2 1
github.com/agglayer/aggkit/aggsender/query/aggchain_proof_query.go:181.2,181.27 1 1
github.com/agglayer/aggkit/aggsender/query/aggchain_proof_query.go:187.89,189.31 2 3
github.com/agglayer/aggkit/aggsender/query/aggchain_proof_query.go:189.31,195.17 2 4
github.com/agglayer/aggkit/aggsender/query/aggchain_proof_query.go:195.17,197.4 1 0
github.com/agglayer/aggkit/aggsender/query/aggchain_proof_query.go:199.3,203.5 1 4
github.com/agglayer/aggkit/aggsender/query/aggchain_proof_query.go:206.2,206.33 1 3
github.com/agglayer/aggkit/aggsender/query/aggchain_proof_query.go:210.72,213.35 2 8
github.com/agglayer/aggkit/aggsender/query/aggchain_proof_query.go:213.35,216.17 2 7
github.com/agglayer/aggkit/aggsender/query/aggchain_proof_query.go:216.17,218.4 1 0
github.com/agglayer/aggkit/aggsender/query/aggchain_proof_query.go:220.3,228.5 1 7
github.com/agglayer/aggkit/aggsender/query/aggchain_proof_query.go:231.2,231.31 1 8
github.com/agglayer/aggkit/aggsender/query/bridge_query.go:32.22,40.2 1 11
github.com/agglayer/aggkit/aggsender/query/bridge_query.go:59.52,61.16 2 4
github.com/agglayer/aggkit/aggsender/query/bridge_query.go:61.16,63.3 1 1
github.com/agglayer/aggkit/aggsender/query/bridge_query.go:65.2,66.16 2 3
github.com/agglayer/aggkit/aggsender/query/bridge_query.go:66.16,68.3 1 1
github.com/agglayer/aggkit/aggsender/query/bridge_query.go:70.2,70.29 1 2
github.com/agglayer/aggkit/aggsender/query/bridge_query.go:77.104,79.16 2 2
github.com/agglayer/aggkit/aggsender/query/bridge_query.go:79.16,81.3 1 1
github.com/agglayer/aggkit/aggsender/query/bridge_query.go:83.2,83.27 1 1
github.com/agglayer/aggkit/aggsender/query/bridge_query.go:90.88,92.16 2 2
github.com/agglayer/aggkit/aggsender/query/bridge_query.go:92.16,94.3 1 1
github.com/agglayer/aggkit/aggsender/query/bridge_query.go:96.2,96.32 1 1
github.com/agglayer/aggkit/aggsender/query/bridge_query.go:100.52,102.2 1 1
github.com/agglayer/aggkit/aggsender/query/bridge_query.go:105.93,109.32 3 3
github.com/agglayer/aggkit/aggsender/query/bridge_query.go:109.32,113.3 2 2
github.com/agglayer/aggkit/aggsender/query/bridge_query.go:115.2,118.6 3 3
github.com/agglayer/aggkit/aggsender/query/bridge_query.go:118.6,120.17 2 6
github.com/agglayer/aggkit/aggsender/query/bridge_query.go:120.17,122.4 1 1
github.com/agglayer/aggkit/aggsender/query/bridge_query.go:124.3,124.34 1 5
github.com/agglayer/aggkit/aggsender/query/bridge_query.go:124.34,127.4 2 2
github.com/agglayer/aggkit/aggsender/query/bridge_query.go:129.3,132.10 2 3
github.com/agglayer/aggkit/aggsender/query/bridge_query.go:133.21,134.20 1 0
github.com/agglayer/aggkit/aggsender/query/bridge_query.go:135.19,136.12 1 3
github.com/agglayer/aggkit/aggsender/query/bridge_query.go:143.64,146.2 2 2
github.com/agglayer/aggkit/aggsender/query/certificate_query.go:30.28,36.2 1 36
github.com/agglayer/aggkit/aggsender/query/certificate_query.go:59.57,70.17 2 9
github.com/agglayer/aggkit/aggsender/query/certificate_query.go:70.17,71.43 1 9
github.com/agglayer/aggkit/aggsender/query/certificate_query.go:71.43,73.4 1 1
github.com/agglayer/aggkit/aggsender/query/certificate_query.go:79.3,80.17 2 8
github.com/agglayer/aggkit/aggsender/query/certificate_query.go:80.17,83.4 1 1
github.com/agglayer/aggkit/aggsender/query/certificate_query.go:86.3,87.17 2 7
github.com/agglayer/aggkit/aggsender/query/certificate_query.go:87.17,89.4 1 1
github.com/agglayer/aggkit/aggsender/query/certificate_query.go:91.3,92.24 2 6
github.com/agglayer/aggkit/aggsender/query/certificate_query.go:92.24,95.18 2 3
github.com/agglayer/aggkit/aggsender/query/certificate_query.go:95.18,98.5 1 1
github.com/agglayer/aggkit/aggsender/query/certificate_query.go:104.2,105.16 2 5
github.com/agglayer/aggkit/aggsender/query/certificate_query.go:105.16,107.3 1 1
github.com/agglayer/aggkit/aggsender/query/certificate_query.go:110.2,110.90 1 4
github.com/agglayer/aggkit/aggsender/query/certificate_query.go:117.51,128.16 3 9
github.com/agglayer/aggkit/aggsender/query/certificate_query.go:128.16,131.3 1 1
github.com/agglayer/aggkit/aggsender/query/certificate_query.go:133.2,133.39 1 8
github.com/agglayer/aggkit/aggsender/query/certificate_query.go:133.39,138.17 3 5
github.com/agglayer/aggkit/aggsender/query/certificate_query.go:138.17,141.4 1 1
github.com/agglayer/aggkit/aggsender/query/certificate_query.go:144.2,144.67 1 7
github.com/agglayer/aggkit/aggsender/query/certificate_query.go:152.25,153.34 1 9
github.com/agglayer/aggkit/aggsender/query/certificate_query.go:154.44,156.33 1 1
github.com/agglayer/aggkit/aggsender/query/certificate_query.go:157.43,159.33 1 1
github.com/agglayer/aggkit/aggsender/query/certificate_query.go:160.40,162.34 1 1
github.com/agglayer/aggkit/aggsender/query/certificate_query.go:163.52,165.34 1 1
github.com/agglayer/aggkit/aggsender/query/certificate_query.go:169.2,169.59 1 5
github.com/agglayer/aggkit/aggsender/query/certificate_query.go:173.108,174.34 1 14
github.com/agglayer/aggkit/aggsender/query/certificate_query.go:174.34,176.56 1 10
github.com/agglayer/aggkit/aggsender/query/certificate_query.go:176.56,179.4 1 4
github.com/agglayer/aggkit/aggsender/query/certificate_query.go:181.3,181.34 1 6
github.com/agglayer/aggkit/aggsender/query/certificate_query.go:184.2,184.32 1 4
github.com/agglayer/aggkit/aggsender/query/certificate_query.go:187.113,188.47 1 17
github.com/agglayer/aggkit/aggsender/query/certificate_query.go:188.47,190.3 1 9
github.com/agglayer/aggkit/aggsender/query/certificate_query.go:192.2,193.16 2 8
github.com/agglayer/aggkit/aggsender/query/certificate_query.go:193.16,196.3 1 2
github.com/agglayer/aggkit/aggsender/query/certificate_query.go:198.2,198.31 1 6
github.com/agglayer/aggkit/aggsender/query/certificate_query.go:202.89,204.16 2 13
github.com/agglayer/aggkit/aggsender/query/certificate_query.go:204.16,206.3 1 3
github.com/agglayer/aggkit/aggsender/query/certificate_query.go:208.2,208.31 1 10
github.com/agglayer/aggkit/aggsender/query/certificate_query.go:208.31,210.17 2 10
github.com/agglayer/aggkit/aggsender/query/certificate_query.go:210.17,212.4 1 0
github.com/agglayer/aggkit/aggsender/query/certificate_query.go:214.3,214.46 1 10
github.com/agglayer/aggkit/aggsender/query/certificate_query.go:214.46,217.4 1 8
github.com/agglayer/aggkit/aggsender/query/certificate_query.go:221.2,221.89 1 2
github.com/agglayer/aggkit/aggsender/query/certificate_query.go:225.71,227.16 2 5
github.com/agglayer/aggkit/aggsender/query/certificate_query.go:227.16,229.3 1 1
github.com/agglayer/aggkit/aggsender/query/certificate_query.go:231.2,231.32 1 4
github.com/agglayer/aggkit/aggsender/query/certificate_query.go:231.32,235.3 1 1
github.com/agglayer/aggkit/aggsender/query/certificate_query.go:237.2,237.35 1 3
github.com/agglayer/aggkit/aggsender/query/ger_query.go:26.56,31.2 1 8
github.com/agglayer/aggkit/aggsender/query/ger_query.go:53.102,55.16 2 4
github.com/agglayer/aggkit/aggsender/query/ger_query.go:55.16,58.3 1 1
github.com/agglayer/aggkit/aggsender/query/ger_query.go:60.2,62.45 2 3
github.com/agglayer/aggkit/aggsender/query/ger_query.go:62.45,69.26 2 3
github.com/agglayer/aggkit/aggsender/query/ger_query.go:69.26,80.4 2 1
github.com/agglayer/aggkit/aggsender/query/ger_query.go:80.9,82.18 2 2
github.com/agglayer/aggkit/aggsender/query/ger_query.go:82.18,84.5 1 1
github.com/agglayer/aggkit/aggsender/query/ger_query.go:87.3,103.4 1 2
github.com/agglayer/aggkit/aggsender/query/ger_query.go:106.2,106.20 1 2
github.com/agglayer/aggkit/aggsender/query/ger_query.go:111.66,113.16 2 4
github.com/agglayer/aggkit/aggsender/query/ger_query.go:113.16,116.3 1 1
github.com/agglayer/aggkit/aggsender/query/ger_query.go:117.2,117.25 1 3
github.com/agglayer/aggkit/aggsender/query/l1info_tree_data_query.go:32.94,34.16 2 21
github.com/agglayer/aggkit/aggsender/query/l1info_tree_data_query.go:34.16,36.3 1 0
github.com/agglayer/aggkit/aggsender/query/l1info_tree_data_query.go:37.2,39.16 3 21
github.com/agglayer/aggkit/aggsender/query/l1info_tree_data_query.go:39.16,42.3 1 0
github.com/agglayer/aggkit/aggsender/query/l1info_tree_data_query.go:43.2,43.15 1 21
github.com/agglayer/aggkit/aggsender/query/l1info_tree_data_query.go:43.15,47.3 1 1
github.com/agglayer/aggkit/aggsender/query/l1info_tree_data_query.go:49.2,54.8 1 20
github.com/agglayer/aggkit/aggsender/query/l1info_tree_data_query.go:60.58,62.16 2 0
github.com/agglayer/aggkit/aggsender/query/l1info_tree_data_query.go:62.16,65.3 1 0
github.com/agglayer/aggkit/aggsender/query/l1info_tree_data_query.go:67.2,68.16 2 0
github.com/agglayer/aggkit/aggsender/query/l1info_tree_data_query.go:68.16,72.3 1 0
github.com/agglayer/aggkit/aggsender/query/l1info_tree_data_query.go:74.2,75.16 2 0
github.com/agglayer/aggkit/aggsender/query/l1info_tree_data_query.go:75.16,78.3 1 0
github.com/agglayer/aggkit/aggsender/query/l1info_tree_data_query.go:80.2,80.31 1 0
github.com/agglayer/aggkit/aggsender/query/l1info_tree_data_query.go:85.45,88.16 2 0
github.com/agglayer/aggkit/aggsender/query/l1info_tree_data_query.go:88.16,90.3 1 0
github.com/agglayer/aggkit/aggsender/query/l1info_tree_data_query.go:93.2,93.40 1 0
github.com/agglayer/aggkit/aggsender/query/l1info_tree_data_query.go:93.40,95.3 1 0
github.com/agglayer/aggkit/aggsender/query/l1info_tree_data_query.go:97.2,97.19 1 0
github.com/agglayer/aggkit/aggsender/query/l1info_tree_data_query.go:117.60,121.16 3 3
github.com/agglayer/aggkit/aggsender/query/l1info_tree_data_query.go:121.16,124.3 1 1
github.com/agglayer/aggkit/aggsender/query/l1info_tree_data_query.go:126.2,128.16 2 2
github.com/agglayer/aggkit/aggsender/query/l1info_tree_data_query.go:128.16,132.3 1 1
github.com/agglayer/aggkit/aggsender/query/l1info_tree_data_query.go:134.2,134.25 1 1
github.com/agglayer/aggkit/aggsender/query/l1info_tree_data_query.go:140.58,142.16 2 3
github.com/agglayer/aggkit/aggsender/query/l1info_tree_data_query.go:142.16,144.3 1 1
github.com/agglayer/aggkit/aggsender/query/l1info_tree_data_query.go:146.2,149.16 2 2
github.com/agglayer/aggkit/aggsender/query/l1info_tree_data_query.go:149.16,151.3 1 1
github.com/agglayer/aggkit/aggsender/query/l1info_tree_data_query.go:153.2,153.34 1 1
github.com/agglayer/aggkit/aggsender/query/l1info_tree_data_query.go:158.93,160.16 2 6
github.com/agglayer/aggkit/aggsender/query/l1info_tree_data_query.go:160.16,162.3 1 1
github.com/agglayer/aggkit/aggsender/query/l1info_tree_data_query.go:164.2,166.16 2 5
github.com/agglayer/aggkit/aggsender/query/l1info_tree_data_query.go:166.16,169.3 1 1
github.com/agglayer/aggkit/aggsender/query/l1info_tree_data_query.go:171.2,171.32 1 4
github.com/agglayer/aggkit/aggsender/query/l1info_tree_data_query.go:171.32,173.3 1 1
github.com/agglayer/aggkit/aggsender/query/l1info_tree_data_query.go:175.2,175.57 1 3
github.com/agglayer/aggkit/aggsender/query/l1info_tree_data_query.go:175.57,178.17 2 1
github.com/agglayer/aggkit/aggsender/query/l1info_tree_data_query.go:178.17,181.4 1 1
github.com/agglayer/aggkit/aggsender/query/l1info_tree_data_query.go:184.2,184.104 1 2
github.com/agglayer/aggkit/aggsender/query/l1info_tree_data_query.go:184.104,188.3 1 1
github.com/agglayer/aggkit/aggsender/query/l1info_tree_data_query.go:190.2,193.71 1 1
github.com/agglayer/aggkit/aggsender/query/l1info_tree_data_query.go:198.77,200.16 2 3
github.com/agglayer/aggkit/aggsender/query/l1info_tree_data_query.go:200.16,202.3 1 1
github.com/agglayer/aggkit/aggsender/query/l1info_tree_data_query.go:203.2,203.17 1 2
github.com/agglayer/aggkit/aggsender/query/l1info_tree_data_query.go:203.17,205.3 1 0
github.com/agglayer/aggkit/aggsender/query/l1info_tree_data_query.go:206.2,206.18 1 2
github.com/agglayer/aggkit/aggsender/query/l1info_tree_data_query.go:212.49,214.16 2 6
github.com/agglayer/aggkit/aggsender/query/l1info_tree_data_query.go:214.16,216.3 1 1
github.com/agglayer/aggkit/aggsender/query/l1info_tree_data_query.go:218.2,218.17 1 5
github.com/agglayer/aggkit/aggsender/query/l1info_tree_data_query.go:218.17,220.3 1 1
github.com/agglayer/aggkit/aggsender/query/l1info_tree_data_query.go:222.2,222.64 1 4
github.com/agglayer/aggkit/aggsender/query/l1info_tree_data_query.go:227.17,229.16 2 0
github.com/agglayer/aggkit/aggsender/query/l1info_tree_data_query.go:229.16,231.3 1 0
github.com/agglayer/aggkit/aggsender/query/l1info_tree_data_query.go:232.2,232.44 1 0
github.com/agglayer/aggkit/aggsender/query/ler_query.go:35.62,40.2 1 3
github.com/agglayer/aggkit/aggsender/query/ler_query.go:47.70,49.16 2 3
github.com/agglayer/aggkit/aggsender/query/ler_query.go:49.16,51.3 1 1
github.com/agglayer/aggkit/aggsender/query/ler_query.go:53.2,53.59 1 2
github.com/agglayer/aggkit/aggsender/query/ler_query.go:53.59,55.3 1 1
github.com/agglayer/aggkit/aggsender/query/ler_query.go:57.2,57.42 1 1
github.com/agglayer/aggkit/aggsender/query/multisig_committee_query.go:36.45,37.14 1 3
github.com/agglayer/aggkit/aggsender/query/multisig_committee_query.go:37.14,39.3 1 1
github.com/agglayer/aggkit/aggsender/query/multisig_committee_query.go:40.2,40.64 1 2
github.com/agglayer/aggkit/aggsender/query/multisig_committee_query.go:45.97,46.40 1 4
github.com/agglayer/aggkit/aggsender/query/multisig_committee_query.go:46.40,48.3 1 2
github.com/agglayer/aggkit/aggsender/query/multisig_committee_query.go:49.2,50.35 2 2
github.com/agglayer/aggkit/aggsender/query/multisig_committee_query.go:50.35,52.46 2 5
github.com/agglayer/aggkit/aggsender/query/multisig_committee_query.go:52.46,54.4 1 4
github.com/agglayer/aggkit/aggsender/query/multisig_committee_query.go:55.3,55.49 1 5
github.com/agglayer/aggkit/aggsender/query/multisig_committee_query.go:57.2,57.21 1 2
github.com/agglayer/aggkit/aggsender/query/multisig_committee_query.go:63.71,66.16 2 1
github.com/agglayer/aggkit/aggsender/query/multisig_committee_query.go:66.16,68.3 1 0
github.com/agglayer/aggkit/aggsender/query/multisig_committee_query.go:70.2,74.8 1 1
github.com/agglayer/aggkit/aggsender/query/multisig_committee_query.go:79.76,82.16 3 4
github.com/agglayer/aggkit/aggsender/query/multisig_committee_query.go:82.16,85.3 1 1
github.com/agglayer/aggkit/aggsender/query/multisig_committee_query.go:87.2,88.16 2 3
github.com/agglayer/aggkit/aggsender/query/multisig_committee_query.go:88.16,91.3 1 1
github.com/agglayer/aggkit/aggsender/query/multisig_committee_query.go:92.2,92.26 1 2
github.com/agglayer/aggkit/aggsender/query/multisig_committee_query.go:92.26,94.3 1 1
github.com/agglayer/aggkit/aggsender/query/multisig_committee_query.go:96.2,97.49 2 2
github.com/agglayer/aggkit/aggsender/query/multisig_committee_query.go:97.49,99.3 1 4
github.com/agglayer/aggkit/aggsender/query/multisig_committee_query.go:100.2,100.27 1 2
github.com/agglayer/aggkit/aggsender/query/multisig_committee_query.go:100.27,102.3 1 0
github.com/agglayer/aggkit/aggsender/query/multisig_committee_query.go:103.2,103.68 1 2
github.com/agglayer/aggkit/aggsender/query/multisig_committee_query.go:107.82,109.14 2 9
github.com/agglayer/aggkit/aggsender/query/multisig_committee_query.go:109.14,111.3 1 0
github.com/agglayer/aggkit/aggsender/query/multisig_committee_query.go:112.2,113.16 2 9
github.com/agglayer/aggkit/aggsender/query/multisig_committee_query.go:113.16,115.3 1 1
github.com/agglayer/aggkit/aggsender/query/multisig_committee_query.go:116.2,116.52 1 8
github.com/agglayer/aggkit/aggsender/query/multisig_committee_query.go:116.52,118.3 1 1
github.com/agglayer/aggkit/aggsender/query/multisig_committee_query.go:119.2,120.16 2 7
github.com/agglayer/aggkit/aggsender/query/multisig_committee_query.go:120.16,122.3 1 2
github.com/agglayer/aggkit/aggsender/query/multisig_committee_query.go:123.2,123.22 1 5
github.com/agglayer/aggkit/aggsender/query/multisig_committee_query.go:124.29,125.41 1 2
github.com/agglayer/aggkit/aggsender/query/multisig_committee_query.go:126.19,127.38 1 2
github.com/agglayer/aggkit/aggsender/query/multisig_committee_query.go:128.10,129.73 1 1
github.com/agglayer/aggkit/aggsender/query/multisig_committee_query.go:133.112,134.17 1 4
github.com/agglayer/aggkit/aggsender/query/multisig_committee_query.go:135.59,136.22 1 1
github.com/agglayer/aggkit/aggsender/query/multisig_committee_query.go:137.22,139.17 2 3
github.com/agglayer/aggkit/aggsender/query/multisig_committee_query.go:139.17,141.4 1 1
github.com/agglayer/aggkit/aggsender/query/multisig_committee_query.go:142.3,142.19 1 2
github.com/agglayer/aggkit/aggsender/query/multisig_committee_query.go:143.10,144.63 1 0
github.com/agglayer/aggkit/aggsender/rpcclient/client.go:23.36,27.2 1 4
github.com/agglayer/aggkit/aggsender/rpcclient/client.go:29.60,31.16 2 1
github.com/agglayer/aggkit/aggsender/rpcclient/client.go:31.16,33.3 1 0
github.com/agglayer/aggkit/aggsender/rpcclient/client.go:36.2,36.27 1 1
github.com/agglayer/aggkit/aggsender/rpcclient/client.go:36.27,38.3 1 0
github.com/agglayer/aggkit/aggsender/rpcclient/client.go:39.2,41.16 3 1
github.com/agglayer/aggkit/aggsender/rpcclient/client.go:41.16,43.3 1 0
github.com/agglayer/aggkit/aggsender/rpcclient/client.go:44.2,44.21 1 1
github.com/agglayer/aggkit/aggsender/rpcclient/client.go:47.92,49.16 2 1
github.com/agglayer/aggkit/aggsender/rpcclient/client.go:49.16,51.3 1 0
github.com/agglayer/aggkit/aggsender/rpcclient/client.go:54.2,54.27 1 1
github.com/agglayer/aggkit/aggsender/rpcclient/client.go:54.27,56.3 1 0
github.com/agglayer/aggkit/aggsender/rpcclient/client.go:57.2,59.16 3 1
github.com/agglayer/aggkit/aggsender/rpcclient/client.go:59.16,61.3 1 0
github.com/agglayer/aggkit/aggsender/rpcclient/client.go:62.2,62.19 1 1
github.com/agglayer/aggkit/aggsender/rpcclient/client.go:67.97,69.16 2 1
github.com/agglayer/aggkit/aggsender/rpcclient/client.go:69.16,71.3 1 0
github.com/agglayer/aggkit/aggsender/rpcclient/client.go:72.2,72.27 1 1
github.com/agglayer/aggkit/aggsender/rpcclient/client.go:72.27,74.3 1 0
github.com/agglayer/aggkit/aggsender/rpcclient/client.go:75.2,76.64 2 1
github.com/agglayer/aggkit/aggsender/rpcclient/client.go:76.64,78.3 1 0
github.com/agglayer/aggkit/aggsender/rpcclient/client.go:79.2,79.19 1 1
github.com/agglayer/aggkit/aggsender/rpcclient/client.go:86.27,88.16 2 1
github.com/agglayer/aggkit/aggsender/rpcclient/client.go:88.16,90.3 1 0
github.com/agglayer/aggkit/aggsender/rpcclient/client.go:91.2,92.16 2 1
github.com/agglayer/aggkit/aggsender/rpcclient/client.go:92.16,94.3 1 0
github.com/agglayer/aggkit/aggsender/rpcclient/client.go:95.2,100.16 3 1
github.com/agglayer/aggkit/aggsender/rpcclient/client.go:100.16,102.3 1 0
github.com/agglayer/aggkit/aggsender/rpcclient/client.go:103.2,103.27 1 1
github.com/agglayer/aggkit/aggsender/rpcclient/client.go:103.27,105.3 1 0
github.com/agglayer/aggkit/aggsender/rpcclient/client.go:106.2,107.67 2 1
github.com/agglayer/aggkit/aggsender/rpcclient/client.go:107.67,109.3 1 0
github.com/agglayer/aggkit/aggsender/rpcclient/client.go:110.2,110.22 1 1
github.com/agglayer/aggkit/aggsender/statuschecker/cert_status_checker.go:52.34,60.2 1 7
github.com/agglayer/aggkit/aggsender/statuschecker/cert_status_checker.go:81.42,85.6 3 2
github.com/agglayer/aggkit/aggsender/statuschecker/cert_status_checker.go:85.6,89.17 4 11
github.com/agglayer/aggkit/aggsender/statuschecker/cert_status_checker.go:89.17,91.4 1 10
github.com/agglayer/aggkit/aggsender/statuschecker/cert_status_checker.go:91.9,94.4 2 1
github.com/agglayer/aggkit/aggsender/statuschecker/cert_status_checker.go:95.3,95.10 1 10
github.com/agglayer/aggkit/aggsender/statuschecker/cert_status_checker.go:96.21,97.10 1 1
github.com/agglayer/aggkit/aggsender/statuschecker/cert_status_checker.go:98.19,98.19 0 9
github.com/agglayer/aggkit/aggsender/statuschecker/cert_status_checker.go:111.29,114.2 2 2
github.com/agglayer/aggkit/aggsender/statuschecker/cert_status_checker.go:120.98,122.16 2 20
github.com/agglayer/aggkit/aggsender/statuschecker/cert_status_checker.go:122.16,125.3 2 11
github.com/agglayer/aggkit/aggsender/statuschecker/cert_status_checker.go:127.2,130.55 4 9
github.com/agglayer/aggkit/aggsender/statuschecker/cert_status_checker.go:130.55,132.17 2 8
github.com/agglayer/aggkit/aggsender/statuschecker/cert_status_checker.go:132.17,136.4 2 1
github.com/agglayer/aggkit/aggsender/statuschecker/cert_status_checker.go:138.3,145.93 3 7
github.com/agglayer/aggkit/aggsender/statuschecker/cert_status_checker.go:145.93,148.4 2 1
github.com/agglayer/aggkit/aggsender/statuschecker/cert_status_checker.go:150.3,150.35 1 6
github.com/agglayer/aggkit/aggsender/statuschecker/cert_status_checker.go:150.35,154.4 2 1
github.com/agglayer/aggkit/aggsender/statuschecker/cert_status_checker.go:163.2,163.53 1 7
github.com/agglayer/aggkit/aggsender/statuschecker/cert_status_checker.go:163.53,165.17 2 5
github.com/agglayer/aggkit/aggsender/statuschecker/cert_status_checker.go:165.17,168.4 1 1
github.com/agglayer/aggkit/aggsender/statuschecker/cert_status_checker.go:168.9,168.35 1 4
github.com/agglayer/aggkit/aggsender/statuschecker/cert_status_checker.go:168.35,171.4 2 1
github.com/agglayer/aggkit/aggsender/statuschecker/cert_status_checker.go:174.2,177.3 1 7
github.com/agglayer/aggkit/aggsender/statuschecker/cert_status_checker.go:183.55,184.45 1 13
github.com/agglayer/aggkit/aggsender/statuschecker/cert_status_checker.go:184.45,186.3 1 3
github.com/agglayer/aggkit/aggsender/statuschecker/cert_status_checker.go:187.2,191.29 2 10
github.com/agglayer/aggkit/aggsender/statuschecker/cert_status_checker.go:192.29,195.12 3 7
github.com/agglayer/aggkit/aggsender/statuschecker/cert_status_checker.go:195.12,199.4 1 0
github.com/agglayer/aggkit/aggsender/statuschecker/cert_status_checker.go:200.29,201.20 1 3
github.com/agglayer/aggkit/aggsender/statuschecker/cert_status_checker.go:205.2,205.65 1 10
github.com/agglayer/aggkit/aggsender/statuschecker/cert_status_checker.go:205.65,208.3 1 0
github.com/agglayer/aggkit/aggsender/statuschecker/cert_status_checker.go:210.2,217.36 3 10
github.com/agglayer/aggkit/aggsender/statuschecker/cert_status_checker.go:217.36,220.3 2 3
github.com/agglayer/aggkit/aggsender/statuschecker/cert_status_checker.go:221.2,221.12 1 7
github.com/agglayer/aggkit/aggsender/statuschecker/cert_status_checker.go:226.114,228.16 2 16
github.com/agglayer/aggkit/aggsender/statuschecker/cert_status_checker.go:228.16,230.3 1 11
github.com/agglayer/aggkit/aggsender/statuschecker/cert_status_checker.go:231.2,234.16 3 5
github.com/agglayer/aggkit/aggsender/statuschecker/cert_status_checker.go:234.16,236.3 1 0
github.com/agglayer/aggkit/aggsender/statuschecker/cert_status_checker.go:238.2,238.33 1 5
github.com/agglayer/aggkit/aggsender/statuschecker/cert_status_checker.go:238.33,239.103 1 5
github.com/agglayer/aggkit/aggsender/statuschecker/cert_status_checker.go:239.103,241.4 1 1
github.com/agglayer/aggkit/aggsender/statuschecker/cert_status_checker.go:243.2,244.12 2 4
github.com/agglayer/aggkit/aggsender/statuschecker/cert_status_checker.go:248.98,250.23 2 13
github.com/agglayer/aggkit/aggsender/statuschecker/cert_status_checker.go:251.31,252.38 1 2
github.com/agglayer/aggkit/aggsender/statuschecker/cert_status_checker.go:253.44,254.80 1 6
github.com/agglayer/aggkit/aggsender/statuschecker/cert_status_checker.go:254.80,256.4 1 2
github.com/agglayer/aggkit/aggsender/statuschecker/cert_status_checker.go:257.40,259.37 2 4
github.com/agglayer/aggkit/aggsender/statuschecker/cert_status_checker.go:259.37,266.4 1 1
github.com/agglayer/aggkit/aggsender/statuschecker/cert_status_checker.go:268.3,268.34 1 3
github.com/agglayer/aggkit/aggsender/statuschecker/cert_status_checker.go:268.34,275.4 1 1
github.com/agglayer/aggkit/aggsender/statuschecker/cert_status_checker.go:277.3,277.90 1 2
github.com/agglayer/aggkit/aggsender/statuschecker/cert_status_checker.go:277.90,279.4 1 1
github.com/agglayer/aggkit/aggsender/statuschecker/cert_status_checker.go:280.10,282.67 2 1
github.com/agglayer/aggkit/aggsender/statuschecker/cert_status_checker.go:284.2,284.12 1 7
github.com/agglayer/aggkit/aggsender/statuschecker/cert_status_checker.go:290.77,292.16 2 4
github.com/agglayer/aggkit/aggsender/statuschecker/cert_status_checker.go:292.16,294.3 1 0
github.com/agglayer/aggkit/aggsender/statuschecker/cert_status_checker.go:296.2,297.60 2 4
github.com/agglayer/aggkit/aggsender/statuschecker/cert_status_checker.go:302.69,303.17 1 7
github.com/agglayer/aggkit/aggsender/statuschecker/cert_status_checker.go:303.17,305.3 1 1
github.com/agglayer/aggkit/aggsender/statuschecker/cert_status_checker.go:307.2,308.16 2 6
github.com/agglayer/aggkit/aggsender/statuschecker/cert_status_checker.go:308.16,310.3 1 1
github.com/agglayer/aggkit/aggsender/statuschecker/cert_status_checker.go:312.2,328.39 2 5
github.com/agglayer/aggkit/aggsender/statuschecker/cert_status_checker.go:328.39,330.3 1 1
github.com/agglayer/aggkit/aggsender/statuschecker/cert_status_checker.go:332.2,332.17 1 5
github.com/agglayer/aggkit/aggsender/statuschecker/initial_state.go:40.46,42.2 1 1
github.com/agglayer/aggkit/aggsender/statuschecker/initial_state.go:53.62,59.2 1 32
github.com/agglayer/aggkit/aggsender/statuschecker/initial_state.go:61.47,62.14 1 43
github.com/agglayer/aggkit/aggsender/statuschecker/initial_state.go:62.14,64.3 1 0
github.com/agglayer/aggkit/aggsender/statuschecker/initial_state.go:65.2,67.19 2 43
github.com/agglayer/aggkit/aggsender/statuschecker/initial_state.go:67.19,69.3 1 33
github.com/agglayer/aggkit/aggsender/statuschecker/initial_state.go:69.8,71.3 1 10
github.com/agglayer/aggkit/aggsender/statuschecker/initial_state.go:72.2,72.12 1 43
github.com/agglayer/aggkit/aggsender/statuschecker/initial_state.go:79.81,82.16 3 0
github.com/agglayer/aggkit/aggsender/statuschecker/initial_state.go:82.16,84.3 1 0
github.com/agglayer/aggkit/aggsender/statuschecker/initial_state.go:86.2,88.16 3 0
github.com/agglayer/aggkit/aggsender/statuschecker/initial_state.go:88.16,90.3 1 0
github.com/agglayer/aggkit/aggsender/statuschecker/initial_state.go:92.2,93.16 2 0
github.com/agglayer/aggkit/aggsender/statuschecker/initial_state.go:93.16,95.3 1 0
github.com/agglayer/aggkit/aggsender/statuschecker/initial_state.go:97.2,98.57 2 0
github.com/agglayer/aggkit/aggsender/statuschecker/initial_state.go:98.57,100.3 1 0
github.com/agglayer/aggkit/aggsender/statuschecker/initial_state.go:102.2,107.8 1 0
github.com/agglayer/aggkit/aggsender/statuschecker/initial_state.go:111.58,117.2 3 5
github.com/agglayer/aggkit/aggsender/statuschecker/initial_state.go:123.67,125.58 1 32
github.com/agglayer/aggkit/aggsender/statuschecker/initial_state.go:125.58,127.3 1 5
github.com/agglayer/aggkit/aggsender/statuschecker/initial_state.go:129.2,132.16 3 27
github.com/agglayer/aggkit/aggsender/statuschecker/initial_state.go:132.16,134.3 1 6
github.com/agglayer/aggkit/aggsender/statuschecker/initial_state.go:136.2,136.30 1 21
github.com/agglayer/aggkit/aggsender/statuschecker/initial_state.go:136.30,138.3 1 21
github.com/agglayer/aggkit/aggsender/statuschecker/initial_state.go:140.2,141.16 2 21
github.com/agglayer/aggkit/aggsender/statuschecker/initial_state.go:141.16,143.3 1 2
github.com/agglayer/aggkit/aggsender/statuschecker/initial_state.go:145.2,145.30 1 19
github.com/agglayer/aggkit/aggsender/statuschecker/initial_state.go:145.30,147.3 1 11
github.com/agglayer/aggkit/aggsender/statuschecker/initial_state.go:149.2,149.21 1 19
github.com/agglayer/aggkit/aggsender/statuschecker/initial_state.go:153.78,154.100 1 27
github.com/agglayer/aggkit/aggsender/statuschecker/initial_state.go:154.100,155.44 1 3
github.com/agglayer/aggkit/aggsender/statuschecker/initial_state.go:155.44,161.4 1 2
github.com/agglayer/aggkit/aggsender/statuschecker/initial_state.go:165.3,165.92 1 1
github.com/agglayer/aggkit/aggsender/statuschecker/initial_state.go:165.92,168.4 1 0
github.com/agglayer/aggkit/aggsender/statuschecker/initial_state.go:169.3,169.91 1 1
github.com/agglayer/aggkit/aggsender/statuschecker/initial_state.go:169.91,175.4 1 1
github.com/agglayer/aggkit/aggsender/statuschecker/initial_state.go:177.2,181.53 3 24
github.com/agglayer/aggkit/aggsender/statuschecker/initial_state.go:181.53,187.3 1 2
github.com/agglayer/aggkit/aggsender/statuschecker/initial_state.go:189.2,189.53 1 22
github.com/agglayer/aggkit/aggsender/statuschecker/initial_state.go:189.53,195.3 1 3
github.com/agglayer/aggkit/aggsender/statuschecker/initial_state.go:199.2,199.53 1 19
github.com/agglayer/aggkit/aggsender/statuschecker/initial_state.go:199.53,201.3 1 3
github.com/agglayer/aggkit/aggsender/statuschecker/initial_state.go:203.2,203.52 1 16
github.com/agglayer/aggkit/aggsender/statuschecker/initial_state.go:203.52,206.3 1 1
github.com/agglayer/aggkit/aggsender/statuschecker/initial_state.go:208.2,208.55 1 15
github.com/agglayer/aggkit/aggsender/statuschecker/initial_state.go:208.55,216.3 1 3
github.com/agglayer/aggkit/aggsender/statuschecker/initial_state.go:220.2,220.67 1 12
github.com/agglayer/aggkit/aggsender/statuschecker/initial_state.go:220.67,223.3 1 2
github.com/agglayer/aggkit/aggsender/statuschecker/initial_state.go:226.2,231.8 1 10
github.com/agglayer/aggkit/aggsender/statuschecker/initial_state.go:234.63,235.38 1 32
github.com/agglayer/aggkit/aggsender/statuschecker/initial_state.go:235.38,237.3 1 12
github.com/agglayer/aggkit/aggsender/statuschecker/initial_state.go:239.2,239.38 1 20
github.com/agglayer/aggkit/aggsender/statuschecker/initial_state.go:239.38,241.93 1 7
github.com/agglayer/aggkit/aggsender/statuschecker/initial_state.go:241.93,244.4 1 3
github.com/agglayer/aggkit/aggsender/statuschecker/initial_state.go:245.3,245.13 1 4
github.com/agglayer/aggkit/aggsender/statuschecker/initial_state.go:250.2,251.49 1 13
github.com/agglayer/aggkit/aggsender/statuschecker/initial_state.go:251.49,255.3 1 1
github.com/agglayer/aggkit/aggsender/statuschecker/initial_state.go:258.2,259.49 1 12
github.com/agglayer/aggkit/aggsender/statuschecker/initial_state.go:259.49,263.3 1 1
github.com/agglayer/aggkit/aggsender/statuschecker/initial_state.go:265.2,265.12 1 11
github.com/agglayer/aggkit/aggsender/statuschecker/initial_state.go:268.82,269.38 1 24
github.com/agglayer/aggkit/aggsender/statuschecker/initial_state.go:269.38,271.3 1 12
github.com/agglayer/aggkit/aggsender/statuschecker/initial_state.go:272.2,272.34 1 12
github.com/agglayer/aggkit/aggsender/statuschecker/initial_state.go:276.80,277.38 1 21
github.com/agglayer/aggkit/aggsender/statuschecker/initial_state.go:277.38,280.3 1 8
github.com/agglayer/aggkit/aggsender/statuschecker/initial_state.go:282.2,282.38 1 13
github.com/agglayer/aggkit/aggsender/statuschecker/initial_state.go:282.38,285.36 1 4
github.com/agglayer/aggkit/aggsender/statuschecker/initial_state.go:285.36,288.4 1 0
github.com/agglayer/aggkit/aggsender/statuschecker/initial_state.go:291.3,295.9 1 4
github.com/agglayer/aggkit/aggsender/statuschecker/initial_state.go:298.2,298.35 1 9
github.com/agglayer/aggkit/aggsender/statuschecker/initial_state.go:298.35,305.3 1 5
github.com/agglayer/aggkit/aggsender/statuschecker/initial_state.go:309.2,309.70 1 4
github.com/agglayer/aggkit/aggsender/statuschecker/initial_state.go:309.70,314.3 1 1
github.com/agglayer/aggkit/aggsender/statuschecker/initial_state.go:317.2,317.71 1 3
github.com/agglayer/aggkit/aggsender/statuschecker/initial_state.go:317.71,322.86 1 2
github.com/agglayer/aggkit/aggsender/statuschecker/initial_state.go:322.86,328.4 1 1
github.com/agglayer/aggkit/aggsender/statuschecker/initial_state.go:331.3,335.9 1 1
github.com/agglayer/aggkit/aggsender/statuschecker/initial_state.go:340.2,344.8 1 1
github.com/agglayer/aggkit/aggsender/types/aggchain_proof_client_interface.go:39.25,51.2 1 3
github.com/agglayer/aggkit/aggsender/types/aggchain_proof_client_interface.go:53.48,55.58 2 3
github.com/agglayer/aggkit/aggsender/types/aggchain_proof_client_interface.go:55.58,57.3 1 1
github.com/agglayer/aggkit/aggsender/types/aggchain_proof_client_interface.go:59.2,83.3 1 3
github.com/agglayer/aggkit/aggsender/types/certificate_build_params.go:28.53,29.14 1 0
github.com/agglayer/aggkit/aggsender/types/certificate_build_params.go:29.14,31.3 1 0
github.com/agglayer/aggkit/aggsender/types/certificate_build_params.go:32.2,33.101 1 0
github.com/agglayer/aggkit/aggsender/types/certificate_build_params.go:44.53,45.14 1 0
github.com/agglayer/aggkit/aggsender/types/certificate_build_params.go:45.14,47.3 1 0
github.com/agglayer/aggkit/aggsender/types/certificate_build_params.go:48.2,49.56 1 0
github.com/agglayer/aggkit/aggsender/types/certificate_build_params.go:69.50,74.2 1 5
github.com/agglayer/aggkit/aggsender/types/certificate_build_params.go:77.100,78.54 1 6
github.com/agglayer/aggkit/aggsender/types/certificate_build_params.go:78.54,80.3 1 0
github.com/agglayer/aggkit/aggsender/types/certificate_build_params.go:81.2,81.52 1 6
github.com/agglayer/aggkit/aggsender/types/certificate_build_params.go:81.52,85.3 1 1
github.com/agglayer/aggkit/aggsender/types/certificate_build_params.go:87.2,87.25 1 5
github.com/agglayer/aggkit/aggsender/types/certificate_build_params.go:87.25,89.3 1 1
github.com/agglayer/aggkit/aggsender/types/certificate_build_params.go:91.2,112.35 4 4
github.com/agglayer/aggkit/aggsender/types/certificate_build_params.go:112.35,113.65 1 9
github.com/agglayer/aggkit/aggsender/types/certificate_build_params.go:113.65,115.4 1 6
github.com/agglayer/aggkit/aggsender/types/certificate_build_params.go:118.2,118.33 1 4
github.com/agglayer/aggkit/aggsender/types/certificate_build_params.go:118.33,119.63 1 2
github.com/agglayer/aggkit/aggsender/types/certificate_build_params.go:119.63,121.4 1 1
github.com/agglayer/aggkit/aggsender/types/certificate_build_params.go:124.2,124.37 1 4
github.com/agglayer/aggkit/aggsender/types/certificate_build_params.go:124.37,125.73 1 2
github.com/agglayer/aggkit/aggsender/types/certificate_build_params.go:125.73,127.4 1 1
github.com/agglayer/aggkit/aggsender/types/certificate_build_params.go:129.2,129.21 1 4
github.com/agglayer/aggkit/aggsender/types/certificate_build_params.go:133.56,134.14 1 5
github.com/agglayer/aggkit/aggsender/types/certificate_build_params.go:134.14,136.3 1 0
github.com/agglayer/aggkit/aggsender/types/certificate_build_params.go:137.2,137.23 1 5
github.com/agglayer/aggkit/aggsender/types/certificate_build_params.go:141.55,142.14 1 5
github.com/agglayer/aggkit/aggsender/types/certificate_build_params.go:142.14,144.3 1 0
github.com/agglayer/aggkit/aggsender/types/certificate_build_params.go:145.2,145.22 1 5
github.com/agglayer/aggkit/aggsender/types/certificate_build_params.go:149.57,150.14 1 5
github.com/agglayer/aggkit/aggsender/types/certificate_build_params.go:150.14,152.3 1 0
github.com/agglayer/aggkit/aggsender/types/certificate_build_params.go:153.2,153.24 1 5
github.com/agglayer/aggkit/aggsender/types/certificate_build_params.go:157.55,158.14 1 3
github.com/agglayer/aggkit/aggsender/types/certificate_build_params.go:158.14,160.3 1 1
github.com/agglayer/aggkit/aggsender/types/certificate_build_params.go:161.2,163.37 2 2
github.com/agglayer/aggkit/aggsender/types/certificate_build_params.go:163.37,165.3 1 1
github.com/agglayer/aggkit/aggsender/types/certificate_build_params.go:167.2,167.23 1 1
github.com/agglayer/aggkit/aggsender/types/certificate_build_params.go:171.55,172.14 1 1
github.com/agglayer/aggkit/aggsender/types/certificate_build_params.go:172.14,174.3 1 0
github.com/agglayer/aggkit/aggsender/types/certificate_build_params.go:176.2,180.27 4 1
github.com/agglayer/aggkit/aggsender/types/certificate_build_params.go:181.26,183.63 2 0
github.com/agglayer/aggkit/aggsender/types/certificate_build_params.go:184.10,185.67 1 1
github.com/agglayer/aggkit/aggsender/types/certificate_build_params.go:188.2,188.58 1 1
github.com/agglayer/aggkit/aggsender/types/certificate_build_params.go:192.49,194.2 1 0
github.com/agglayer/aggkit/aggsender/types/certificate_build_params.go:197.50,199.2 1 0
github.com/agglayer/aggkit/aggsender/types/certificate_build_params.go:202.59,203.42 1 0
github.com/agglayer/aggkit/aggsender/types/certificate_build_params.go:203.42,205.3 1 0
github.com/agglayer/aggkit/aggsender/types/certificate_build_params.go:206.2,206.49 1 0
github.com/agglayer/aggkit/aggsender/types/certificate_build_params.go:221.100,222.28 1 6
github.com/agglayer/aggkit/aggsender/types/certificate_build_params.go:222.28,225.3 1 1
github.com/agglayer/aggkit/aggsender/types/certificate_build_params.go:227.2,227.28 1 5
github.com/agglayer/aggkit/aggsender/types/certificate_build_params.go:227.28,231.17 2 4
github.com/agglayer/aggkit/aggsender/types/certificate_build_params.go:231.17,233.4 1 0
github.com/agglayer/aggkit/aggsender/types/certificate_build_params.go:235.3,235.29 1 4
github.com/agglayer/aggkit/aggsender/types/certificate_build_params.go:238.2,238.15 1 1
github.com/agglayer/aggkit/aggsender/types/fep_inputs.go:30.56,44.2 1 1
github.com/agglayer/aggkit/aggsender/types/fep_inputs.go:47.68,49.16 2 1
github.com/agglayer/aggkit/aggsender/types/fep_inputs.go:49.16,51.3 1 0
github.com/agglayer/aggkit/aggsender/types/fep_inputs.go:53.2,54.16 2 1
github.com/agglayer/aggkit/aggsender/types/fep_inputs.go:54.16,56.3 1 0
github.com/agglayer/aggkit/aggsender/types/fep_inputs.go:58.2,59.16 2 1
github.com/agglayer/aggkit/aggsender/types/fep_inputs.go:59.16,61.3 1 0
github.com/agglayer/aggkit/aggsender/types/fep_inputs.go:63.2,81.16 3 1
github.com/agglayer/aggkit/aggsender/types/fep_inputs.go:81.16,83.3 1 0
github.com/agglayer/aggkit/aggsender/types/fep_inputs.go:84.2,85.46 2 1
github.com/agglayer/aggkit/aggsender/types/fep_inputs.go:95.42,115.2 1 1
github.com/agglayer/aggkit/aggsender/types/fep_inputs.go:119.54,133.22 7 1
github.com/agglayer/aggkit/aggsender/types/fep_inputs.go:133.22,135.3 1 0
github.com/agglayer/aggkit/aggsender/types/fep_inputs.go:135.8,137.3 1 1
github.com/agglayer/aggkit/aggsender/types/fep_inputs.go:140.2,146.47 4 1
github.com/agglayer/aggkit/aggsender/types/interfaces.go:247.48,249.2 1 3
github.com/agglayer/aggkit/aggsender/types/interfaces.go:252.47,253.14 1 2
github.com/agglayer/aggkit/aggsender/types/interfaces.go:253.14,255.3 1 1
github.com/agglayer/aggkit/aggsender/types/interfaces.go:256.2,258.34 1 1
github.com/agglayer/aggkit/aggsender/types/multisig_committee.go:26.68,31.2 1 11
github.com/agglayer/aggkit/aggsender/types/multisig_committee.go:34.38,36.2 1 3
github.com/agglayer/aggkit/aggsender/types/multisig_committee.go:46.96,47.23 1 13
github.com/agglayer/aggkit/aggsender/types/multisig_committee.go:47.23,49.3 1 1
github.com/agglayer/aggkit/aggsender/types/multisig_committee.go:51.2,51.20 1 12
github.com/agglayer/aggkit/aggsender/types/multisig_committee.go:51.20,53.3 1 1
github.com/agglayer/aggkit/aggsender/types/multisig_committee.go:55.2,55.38 1 11
github.com/agglayer/aggkit/aggsender/types/multisig_committee.go:55.38,58.3 1 1
github.com/agglayer/aggkit/aggsender/types/multisig_committee.go:60.2,67.28 2 10
github.com/agglayer/aggkit/aggsender/types/multisig_committee.go:67.28,68.48 1 18
github.com/agglayer/aggkit/aggsender/types/multisig_committee.go:68.48,70.4 1 2
github.com/agglayer/aggkit/aggsender/types/multisig_committee.go:73.2,73.23 1 8
github.com/agglayer/aggkit/aggsender/types/multisig_committee.go:78.63,79.53 1 21
github.com/agglayer/aggkit/aggsender/types/multisig_committee.go:79.53,81.3 1 3
github.com/agglayer/aggkit/aggsender/types/multisig_committee.go:83.2,85.12 3 18
github.com/agglayer/aggkit/aggsender/types/multisig_committee.go:89.47,91.2 1 0
github.com/agglayer/aggkit/aggsender/types/multisig_committee.go:95.52,97.30 2 1
github.com/agglayer/aggkit/aggsender/types/multisig_committee.go:97.30,98.15 1 3
github.com/agglayer/aggkit/aggsender/types/multisig_committee.go:98.15,100.4 1 3
github.com/agglayer/aggkit/aggsender/types/multisig_committee.go:102.2,102.12 1 1
github.com/agglayer/aggkit/aggsender/types/multisig_committee.go:106.40,108.2 1 1
github.com/agglayer/aggkit/aggsender/types/multisig_committee.go:111.67,114.2 2 4
github.com/agglayer/aggkit/aggsender/types/multisig_committee.go:117.45,119.35 2 3
github.com/agglayer/aggkit/aggsender/types/multisig_committee.go:119.35,121.27 2 6
github.com/agglayer/aggkit/aggsender/types/multisig_committee.go:121.27,123.4 1 3
github.com/agglayer/aggkit/aggsender/types/multisig_committee.go:125.2,126.10 2 3
github.com/agglayer/aggkit/aggsender/types/status.go:32.54,35.2 2 0
github.com/agglayer/aggkit/aggsender/types/status.go:37.51,38.16 1 2
github.com/agglayer/aggkit/aggsender/types/status.go:38.16,40.3 1 1
github.com/agglayer/aggkit/aggsender/types/status.go:40.8,42.3 1 1
github.com/agglayer/aggkit/aggsender/types/types.go:28.55,30.9 2 5
github.com/agglayer/aggkit/aggsender/types/types.go:30.9,32.3 1 1
github.com/agglayer/aggkit/aggsender/types/types.go:33.2,34.16 2 4
github.com/agglayer/aggkit/aggsender/types/types.go:34.16,36.3 1 1
github.com/agglayer/aggkit/aggsender/types/types.go:37.2,38.12 2 3
github.com/agglayer/aggkit/aggsender/types/types.go:41.42,42.14 1 4
github.com/agglayer/aggkit/aggsender/types/types.go:42.14,44.3 1 1
github.com/agglayer/aggkit/aggsender/types/types.go:45.2,46.12 2 3
github.com/agglayer/aggkit/aggsender/types/types.go:49.59,51.19 2 15
github.com/agglayer/aggkit/aggsender/types/types.go:52.54,53.35 1 4
github.com/agglayer/aggkit/aggsender/types/types.go:54.51,55.32 1 4
github.com/agglayer/aggkit/aggsender/types/types.go:56.47,57.28 1 0
github.com/agglayer/aggkit/aggsender/types/types.go:58.42,59.23 1 4
github.com/agglayer/aggkit/aggsender/types/types.go:60.10,61.59 1 3
github.com/agglayer/aggkit/aggsender/types/types.go:65.40,67.2 1 43
github.com/agglayer/aggkit/aggsender/types/types.go:85.42,86.11 1 16
github.com/agglayer/aggkit/aggsender/types/types.go:87.26,88.31 1 3
github.com/agglayer/aggkit/aggsender/types/types.go:89.25,90.30 1 4
github.com/agglayer/aggkit/aggsender/types/types.go:91.33,92.38 1 3
github.com/agglayer/aggkit/aggsender/types/types.go:93.32,94.37 1 0
github.com/agglayer/aggkit/aggsender/types/types.go:95.10,96.35 1 6
github.com/agglayer/aggkit/aggsender/types/types.go:101.56,103.2 1 4
github.com/agglayer/aggkit/aggsender/types/types.go:106.49,108.9 2 5
github.com/agglayer/aggkit/aggsender/types/types.go:108.9,110.3 1 0
github.com/agglayer/aggkit/aggsender/types/types.go:111.2,112.16 2 5
github.com/agglayer/aggkit/aggsender/types/types.go:112.16,114.3 1 1
github.com/agglayer/aggkit/aggsender/types/types.go:115.2,116.12 2 4
github.com/agglayer/aggkit/aggsender/types/types.go:119.40,121.2 1 4
github.com/agglayer/aggkit/aggsender/types/types.go:123.57,125.2 1 4
github.com/agglayer/aggkit/aggsender/types/types.go:127.67,128.11 1 10
github.com/agglayer/aggkit/aggsender/types/types.go:129.28,130.32 1 2
github.com/agglayer/aggkit/aggsender/types/types.go:131.29,132.33 1 2
github.com/agglayer/aggkit/aggsender/types/types.go:133.36,134.40 1 2
github.com/agglayer/aggkit/aggsender/types/types.go:135.35,136.39 1 0
github.com/agglayer/aggkit/aggsender/types/types.go:137.33,138.37 1 2
github.com/agglayer/aggkit/aggsender/types/types.go:139.10,140.78 1 2
github.com/agglayer/aggkit/aggsender/types/types.go:152.44,154.2 1 9
github.com/agglayer/aggkit/aggsender/types/types.go:173.41,174.14 1 2
github.com/agglayer/aggkit/aggsender/types/types.go:174.14,176.3 1 0
github.com/agglayer/aggkit/aggsender/types/types.go:178.2,194.3 1 2
github.com/agglayer/aggkit/aggsender/types/types.go:206.41,207.14 1 2
github.com/agglayer/aggkit/aggsender/types/types.go:207.14,209.3 1 0
github.com/agglayer/aggkit/aggsender/types/types.go:211.2,217.3 1 2
github.com/agglayer/aggkit/aggsender/types/types.go:240.45,241.14 1 3
github.com/agglayer/aggkit/aggsender/types/types.go:241.14,243.3 1 0
github.com/agglayer/aggkit/aggsender/types/types.go:244.2,245.36 2 3
github.com/agglayer/aggkit/aggsender/types/types.go:245.36,247.3 1 2
github.com/agglayer/aggkit/aggsender/types/types.go:248.2,249.38 2 3
github.com/agglayer/aggkit/aggsender/types/types.go:249.38,251.3 1 2
github.com/agglayer/aggkit/aggsender/types/types.go:253.2,254.22 2 3
github.com/agglayer/aggkit/aggsender/types/types.go:254.22,256.3 1 2
github.com/agglayer/aggkit/aggsender/types/types.go:258.2,259.22 2 3
github.com/agglayer/aggkit/aggsender/types/types.go:259.22,261.3 1 2
github.com/agglayer/aggkit/aggsender/types/types.go:263.2,290.3 1 3
github.com/agglayer/aggkit/aggsender/types/types.go:294.41,295.14 1 0
github.com/agglayer/aggkit/aggsender/types/types.go:295.14,297.3 1 0
github.com/agglayer/aggkit/aggsender/types/types.go:298.2,299.73 1 0
github.com/agglayer/aggkit/aggsender/types/types.go:303.51,304.14 1 0
github.com/agglayer/aggkit/aggsender/types/types.go:304.14,306.3 1 0
github.com/agglayer/aggkit/aggsender/types/types.go:307.2,307.26 1 0
github.com/agglayer/aggkit/aggsender/types/types.go:311.45,312.14 1 0
github.com/agglayer/aggkit/aggsender/types/types.go:312.14,314.3 1 0
github.com/agglayer/aggkit/aggsender/types/types.go:315.2,315.28 1 0
github.com/agglayer/aggkit/aggsender/types/types.go:319.69,321.12 2 4
github.com/agglayer/aggkit/aggsender/types/types.go:321.12,323.3 1 2
github.com/agglayer/aggkit/aggsender/types/types.go:325.2,325.19 1 2
github.com/agglayer/aggkit/aggsender/types/types.go:329.70,330.34 1 4
github.com/agglayer/aggkit/aggsender/types/types.go:330.34,332.3 1 2
github.com/agglayer/aggkit/aggsender/types/types.go:333.2,336.17 3 2
github.com/agglayer/aggkit/aggsender/types/types.go:336.17,338.3 1 0
github.com/agglayer/aggkit/aggsender/types/types.go:340.2,340.16 1 2
github.com/agglayer/aggkit/aggsender/types/types.go:351.39,352.14 1 3
github.com/agglayer/aggkit/aggsender/types/types.go:352.14,354.3 1 1
github.com/agglayer/aggkit/aggsender/types/types.go:356.2,357.28 2 2
github.com/agglayer/aggkit/aggsender/types/types.go:357.28,359.3 1 1
github.com/agglayer/aggkit/aggsender/types/types.go:361.2,366.3 1 2
github.com/agglayer/aggkit/aggsender/types/types.go:369.53,371.16 2 2
github.com/agglayer/aggkit/aggsender/types/types.go:371.16,373.3 1 1
github.com/agglayer/aggkit/aggsender/types/types.go:374.2,374.18 1 1
github.com/agglayer/aggkit/aggsender/types/types.go:377.54,378.11 1 2
github.com/agglayer/aggkit/aggsender/types/types.go:379.85,380.13 1 1
github.com/agglayer/aggkit/aggsender/types/types.go:381.10,382.73 1 1
github.com/agglayer/aggkit/aggsender/validator/cert_hash.go:12.82,13.40 1 17
github.com/agglayer/aggkit/aggsender/validator/cert_hash.go:13.40,15.3 1 1
github.com/agglayer/aggkit/aggsender/validator/cert_hash.go:17.2,19.47 2 16
github.com/agglayer/aggkit/aggsender/validator/cert_hash.go:19.47,22.3 2 10
github.com/agglayer/aggkit/aggsender/validator/cert_hash.go:24.2,33.8 3 16
github.com/agglayer/aggkit/aggsender/validator/compare_certs.go:13.61,15.64 2 13
github.com/agglayer/aggkit/aggsender/validator/compare_certs.go:15.64,17.3 1 1
github.com/agglayer/aggkit/aggsender/validator/compare_certs.go:18.2,18.64 1 12
github.com/agglayer/aggkit/aggsender/validator/compare_certs.go:18.64,21.3 2 2
github.com/agglayer/aggkit/aggsender/validator/compare_certs.go:22.2,22.70 1 10
github.com/agglayer/aggkit/aggsender/validator/compare_certs.go:22.70,25.3 1 1
github.com/agglayer/aggkit/aggsender/validator/compare_certs.go:26.2,26.64 1 10
github.com/agglayer/aggkit/aggsender/validator/compare_certs.go:26.64,29.3 1 2
github.com/agglayer/aggkit/aggsender/validator/compare_certs.go:31.2,31.86 1 10
github.com/agglayer/aggkit/aggsender/validator/compare_certs.go:31.86,34.3 1 2
github.com/agglayer/aggkit/aggsender/validator/compare_certs.go:36.2,36.84 1 10
github.com/agglayer/aggkit/aggsender/validator/compare_certs.go:36.84,39.3 1 0
github.com/agglayer/aggkit/aggsender/validator/compare_certs.go:41.2,41.90 1 10
github.com/agglayer/aggkit/aggsender/validator/compare_certs.go:41.90,44.3 1 2
github.com/agglayer/aggkit/aggsender/validator/compare_certs.go:47.2,53.14 3 10
github.com/agglayer/aggkit/aggsender/validator/compare_certs.go:60.51,62.38 2 13
github.com/agglayer/aggkit/aggsender/validator/compare_certs.go:62.38,66.3 2 2
github.com/agglayer/aggkit/aggsender/validator/compare_certs.go:67.2,67.40 1 11
github.com/agglayer/aggkit/aggsender/validator/compare_certs.go:67.40,69.53 2 1
github.com/agglayer/aggkit/aggsender/validator/compare_certs.go:69.53,72.4 1 1
github.com/agglayer/aggkit/aggsender/validator/compare_certs.go:74.2,74.14 1 11
github.com/agglayer/aggkit/aggsender/validator/compare_certs.go:81.59,83.38 2 15
github.com/agglayer/aggkit/aggsender/validator/compare_certs.go:83.38,87.3 2 3
github.com/agglayer/aggkit/aggsender/validator/compare_certs.go:89.2,89.50 1 12
github.com/agglayer/aggkit/aggsender/validator/compare_certs.go:89.50,93.95 2 2
github.com/agglayer/aggkit/aggsender/validator/compare_certs.go:93.95,96.4 1 1
github.com/agglayer/aggkit/aggsender/validator/compare_certs.go:99.2,99.14 1 12
github.com/agglayer/aggkit/aggsender/validator/config.go:84.35,86.16 2 6
github.com/agglayer/aggkit/aggsender/validator/config.go:86.16,88.3 1 2
github.com/agglayer/aggkit/aggsender/validator/config.go:90.2,90.48 1 4
github.com/agglayer/aggkit/aggsender/validator/config.go:90.48,91.66 1 2
github.com/agglayer/aggkit/aggsender/validator/config.go:91.66,93.4 1 1
github.com/agglayer/aggkit/aggsender/validator/config.go:96.2,96.52 1 3
github.com/agglayer/aggkit/aggsender/validator/config.go:96.52,98.3 1 1
github.com/agglayer/aggkit/aggsender/validator/config.go:100.2,100.64 1 2
github.com/agglayer/aggkit/aggsender/validator/config.go:100.64,102.3 1 0
github.com/agglayer/aggkit/aggsender/validator/config.go:104.2,104.12 1 2
github.com/agglayer/aggkit/aggsender/validator/local_validator.go:34.19,40.2 1 1
github.com/agglayer/aggkit/aggsender/validator/local_validator.go:43.42,45.2 1 1
github.com/agglayer/aggkit/aggsender/validator/local_validator.go:48.39,50.2 1 0
github.com/agglayer/aggkit/aggsender/validator/local_validator.go:53.51,55.2 1 0
github.com/agglayer/aggkit/aggsender/validator/local_validator.go:59.41,61.2 1 0
github.com/agglayer/aggkit/aggsender/validator/local_validator.go:63.95,68.2 1 1
github.com/agglayer/aggkit/aggsender/validator/local_validator.go:76.19,83.29 3 3
github.com/agglayer/aggkit/aggsender/validator/local_validator.go:83.29,85.17 2 3
github.com/agglayer/aggkit/aggsender/validator/local_validator.go:85.17,88.4 2 1
github.com/agglayer/aggkit/aggsender/validator/local_validator.go:90.3,90.64 1 2
github.com/agglayer/aggkit/aggsender/validator/local_validator.go:92.2,92.75 1 2
github.com/agglayer/aggkit/aggsender/validator/local_validator.go:92.75,95.3 2 1
github.com/agglayer/aggkit/aggsender/validator/local_validator.go:96.2,99.41 2 1
github.com/agglayer/aggkit/aggsender/validator/local_validator.go:106.62,107.24 1 9
github.com/agglayer/aggkit/aggsender/validator/local_validator.go:107.24,110.3 1 4
github.com/agglayer/aggkit/aggsender/validator/local_validator.go:112.2,113.16 2 5
github.com/agglayer/aggkit/aggsender/validator/local_validator.go:113.16,115.3 1 2
github.com/agglayer/aggkit/aggsender/validator/local_validator.go:117.2,117.84 1 3
github.com/agglayer/aggkit/aggsender/validator/remote_validator.go:34.29,36.16 2 0
github.com/agglayer/aggkit/aggsender/validator/remote_validator.go:36.16,38.3 1 0
github.com/agglayer/aggkit/aggsender/validator/remote_validator.go:40.2,46.8 1 0
github.com/agglayer/aggkit/aggsender/validator/remote_validator.go:50.43,52.2 1 0
github.com/agglayer/aggkit/aggsender/validator/remote_validator.go:55.40,57.2 1 0
github.com/agglayer/aggkit/aggsender/validator/remote_validator.go:60.52,62.2 1 0
github.com/agglayer/aggkit/aggsender/validator/remote_validator.go:65.42,67.2 1 0
github.com/agglayer/aggkit/aggsender/validator/remote_validator.go:70.96,72.2 1 0
github.com/agglayer/aggkit/aggsender/validator/remote_validator.go:79.19,83.16 2 6
github.com/agglayer/aggkit/aggsender/validator/remote_validator.go:83.16,85.3 1 0
github.com/agglayer/aggkit/aggsender/validator/remote_validator.go:87.2,88.16 2 6
github.com/agglayer/aggkit/aggsender/validator/remote_validator.go:88.16,90.3 1 1
github.com/agglayer/aggkit/aggsender/validator/remote_validator.go:92.2,93.32 2 5
github.com/agglayer/aggkit/aggsender/validator/remote_validator.go:93.32,95.3 1 1
github.com/agglayer/aggkit/aggsender/validator/remote_validator.go:97.2,103.16 2 5
github.com/agglayer/aggkit/aggsender/validator/remote_validator.go:103.16,105.3 1 1
github.com/agglayer/aggkit/aggsender/validator/remote_validator.go:110.2,111.16 2 4
github.com/agglayer/aggkit/aggsender/validator/remote_validator.go:111.16,113.3 1 1
github.com/agglayer/aggkit/aggsender/validator/remote_validator.go:115.2,116.35 2 3
github.com/agglayer/aggkit/aggsender/validator/remote_validator.go:116.35,119.3 1 1
github.com/agglayer/aggkit/aggsender/validator/remote_validator.go:121.2,121.23 1 2
github.com/agglayer/aggkit/aggsender/validator/validate_certificate.go:40.53,48.2 1 17
github.com/agglayer/aggkit/aggsender/validator/validate_certificate.go:51.115,52.31 1 10
github.com/agglayer/aggkit/aggsender/validator/validate_certificate.go:52.31,54.3 1 0
github.com/agglayer/aggkit/aggsender/validator/validate_certificate.go:56.2,57.16 2 10
github.com/agglayer/aggkit/aggsender/validator/validate_certificate.go:57.16,59.3 1 0
github.com/agglayer/aggkit/aggsender/validator/validate_certificate.go:62.2,62.93 1 10
github.com/agglayer/aggkit/aggsender/validator/validate_certificate.go:62.93,64.3 1 2
github.com/agglayer/aggkit/aggsender/validator/validate_certificate.go:67.2,67.61 1 8
github.com/agglayer/aggkit/aggsender/validator/validate_certificate.go:67.61,69.3 1 2
github.com/agglayer/aggkit/aggsender/validator/validate_certificate.go:72.2,72.88 1 6
github.com/agglayer/aggkit/aggsender/validator/validate_certificate.go:72.88,74.3 1 1
github.com/agglayer/aggkit/aggsender/validator/validate_certificate.go:77.2,78.16 2 5
github.com/agglayer/aggkit/aggsender/validator/validate_certificate.go:78.16,80.3 1 1
github.com/agglayer/aggkit/aggsender/validator/validate_certificate.go:82.2,86.16 3 4
github.com/agglayer/aggkit/aggsender/validator/validate_certificate.go:86.16,88.3 1 1
github.com/agglayer/aggkit/aggsender/validator/validate_certificate.go:91.2,92.16 2 3
github.com/agglayer/aggkit/aggsender/validator/validate_certificate.go:92.16,94.3 1 1
github.com/agglayer/aggkit/aggsender/validator/validate_certificate.go:97.2,98.16 2 2
github.com/agglayer/aggkit/aggsender/validator/validate_certificate.go:98.16,100.3 1 1
github.com/agglayer/aggkit/aggsender/validator/validate_certificate.go:103.2,105.59 1 1
github.com/agglayer/aggkit/aggsender/validator/validate_certificate.go:105.59,107.3 1 0
github.com/agglayer/aggkit/aggsender/validator/validate_certificate.go:110.2,114.43 1 1
github.com/agglayer/aggkit/aggsender/validator/validate_certificate.go:114.43,116.3 1 1
github.com/agglayer/aggkit/aggsender/validator/validate_certificate.go:118.2,118.12 1 0
github.com/agglayer/aggkit/aggsender/validator/validate_certificate.go:124.9,125.42 1 1
github.com/agglayer/aggkit/aggsender/validator/validate_certificate.go:125.42,126.64 1 0
github.com/agglayer/aggkit/aggsender/validator/validate_certificate.go:126.64,128.4 1 0
github.com/agglayer/aggkit/aggsender/validator/validate_certificate.go:131.2,131.12 1 1
github.com/agglayer/aggkit/aggsender/validator/validate_certificate.go:136.62,137.75 1 6
github.com/agglayer/aggkit/aggsender/validator/validate_certificate.go:137.75,140.3 1 1
github.com/agglayer/aggkit/aggsender/validator/validate_certificate.go:142.2,142.12 1 5
github.com/agglayer/aggkit/aggsender/validator/validate_certificate.go:146.101,147.39 1 13
github.com/agglayer/aggkit/aggsender/validator/validate_certificate.go:147.39,149.3 1 10
github.com/agglayer/aggkit/aggsender/validator/validate_certificate.go:150.2,150.70 1 3
github.com/agglayer/aggkit/aggsender/validator/validate_certificate.go:150.70,153.3 1 1
github.com/agglayer/aggkit/aggsender/validator/validate_certificate.go:154.2,154.89 1 2
github.com/agglayer/aggkit/aggsender/validator/validate_certificate.go:154.89,158.3 1 1
github.com/agglayer/aggkit/aggsender/validator/validate_certificate.go:160.2,160.12 1 1
github.com/agglayer/aggkit/aggsender/validator/validate_certificate.go:166.53,167.59 1 3
github.com/agglayer/aggkit/aggsender/validator/validate_certificate.go:167.59,170.3 1 0
github.com/agglayer/aggkit/aggsender/validator/validate_certificate.go:171.2,174.77 3 3
github.com/agglayer/aggkit/aggsender/validator/validate_certificate.go:174.77,177.3 1 2
github.com/agglayer/aggkit/aggsender/validator/validate_certificate.go:178.2,178.20 1 1
github.com/agglayer/aggkit/aggsender/validator/validate_certificate.go:178.20,180.3 1 0
github.com/agglayer/aggkit/aggsender/validator/validate_certificate.go:181.2,181.12 1 1
github.com/agglayer/aggkit/aggsender/validator/validate_certificate.go:185.102,186.36 1 10
github.com/agglayer/aggkit/aggsender/validator/validate_certificate.go:186.36,190.3 1 2
github.com/agglayer/aggkit/aggsender/validator/validate_certificate.go:191.2,192.16 2 8
github.com/agglayer/aggkit/aggsender/validator/validate_certificate.go:192.16,194.3 1 1
github.com/agglayer/aggkit/aggsender/validator/validate_certificate.go:195.2,195.54 1 7
github.com/agglayer/aggkit/aggsender/validator/validate_certificate.go:195.54,199.3 1 2
github.com/agglayer/aggkit/aggsender/validator/validate_certificate.go:200.2,200.12 1 5
github.com/agglayer/aggkit/aggsender/validator/validate_certificate.go:208.72,209.31 1 7
github.com/agglayer/aggkit/aggsender/validator/validate_certificate.go:209.31,211.3 1 1
github.com/agglayer/aggkit/aggsender/validator/validate_certificate.go:212.2,213.16 2 6
github.com/agglayer/aggkit/aggsender/validator/validate_certificate.go:213.16,215.3 1 0
github.com/agglayer/aggkit/aggsender/validator/validate_certificate.go:217.2,221.16 4 6
github.com/agglayer/aggkit/aggsender/validator/validate_certificate.go:221.16,224.3 1 2
github.com/agglayer/aggkit/aggsender/validator/validate_certificate.go:226.2,234.8 1 4
github.com/agglayer/aggkit/aggsender/validator/validate_certificate.go:242.33,243.47 1 10
github.com/agglayer/aggkit/aggsender/validator/validate_certificate.go:243.47,246.3 1 1
github.com/agglayer/aggkit/aggsender/validator/validate_certificate.go:248.2,249.16 2 9
github.com/agglayer/aggkit/aggsender/validator/validate_certificate.go:249.16,251.3 1 0
github.com/agglayer/aggkit/aggsender/validator/validate_certificate.go:253.2,253.44 1 9
github.com/agglayer/aggkit/aggsender/validator/validate_certificate.go:253.44,256.3 1 1
github.com/agglayer/aggkit/aggsender/validator/validate_certificate.go:258.2,258.12 1 8
github.com/agglayer/aggkit/aggsender/validator/validator_client.go:29.75,31.16 2 0
github.com/agglayer/aggkit/aggsender/validator/validator_client.go:31.16,33.3 1 0
github.com/agglayer/aggkit/aggsender/validator/validator_client.go:35.2,38.8 1 0
github.com/agglayer/aggkit/aggsender/validator/validator_client.go:41.96,43.16 2 0
github.com/agglayer/aggkit/aggsender/validator/validator_client.go:43.16,45.3 1 0
github.com/agglayer/aggkit/aggsender/validator/validator_client.go:46.2,50.8 1 0
github.com/agglayer/aggkit/aggsender/validator/validator_client.go:59.19,61.16 2 4
github.com/agglayer/aggkit/aggsender/validator/validator_client.go:61.16,63.3 1 1
github.com/agglayer/aggkit/aggsender/validator/validator_client.go:65.2,71.16 2 3
github.com/agglayer/aggkit/aggsender/validator/validator_client.go:71.16,73.3 1 1
github.com/agglayer/aggkit/aggsender/validator/validator_client.go:75.2,75.38 1 2
github.com/agglayer/aggkit/aggsender/validator/validator_client.go:79.71,80.19 1 5
github.com/agglayer/aggkit/aggsender/validator/validator_client.go:80.19,82.3 1 1
github.com/agglayer/aggkit/aggsender/validator/validator_client.go:84.2,88.3 1 4
github.com/agglayer/aggkit/aggsender/validator/validator_service.go:37.47,44.2 1 7
github.com/agglayer/aggkit/aggsender/validator/validator_service.go:47.113,54.2 2 0
github.com/agglayer/aggkit/aggsender/validator/validator_service.go:58.100,59.42 1 7
github.com/agglayer/aggkit/aggsender/validator/validator_service.go:59.42,64.3 1 1
github.com/agglayer/aggkit/aggsender/validator/validator_service.go:66.2,69.80 3 6
github.com/agglayer/aggkit/aggsender/validator/validator_service.go:69.80,73.17 4 2
github.com/agglayer/aggkit/aggsender/validator/validator_service.go:73.17,81.4 3 1
github.com/agglayer/aggkit/aggsender/validator/validator_service.go:82.3,82.24 1 1
github.com/agglayer/aggkit/aggsender/validator/validator_service.go:82.24,88.4 2 1
github.com/agglayer/aggkit/aggsender/validator/validator_service.go:89.3,89.42 1 0
github.com/agglayer/aggkit/aggsender/validator/validator_service.go:91.2,92.16 2 4
github.com/agglayer/aggkit/aggsender/validator/validator_service.go:92.16,98.3 2 1
github.com/agglayer/aggkit/aggsender/validator/validator_service.go:99.2,102.16 4 3
github.com/agglayer/aggkit/aggsender/validator/validator_service.go:102.16,108.3 2 1
github.com/agglayer/aggkit/aggsender/validator/validator_service.go:109.2,110.16 2 2
github.com/agglayer/aggkit/aggsender/validator/validator_service.go:110.16,116.3 2 0
github.com/agglayer/aggkit/aggsender/validator/validator_service.go:118.2,124.8 2 2
github.com/agglayer/aggkit/aggsender/validator/validator_service.go:127.114,128.21 1 2
github.com/agglayer/aggkit/aggsender/validator/validator_service.go:128.21,133.3 1 0
github.com/agglayer/aggkit/aggsender/validator/validator_service.go:134.2,135.16 2 2
github.com/agglayer/aggkit/aggsender/validator/validator_service.go:135.16,140.3 1 0
github.com/agglayer/aggkit/aggsender/validator/validator_service.go:141.2,141.43 1 2
github.com/agglayer/aggkit/agglayer/types/types.go:49.44,51.2 1 1
github.com/agglayer/aggkit/agglayer/types/types.go:54.44,56.2 1 0
github.com/agglayer/aggkit/agglayer/types/types.go:59.45,61.2 1 0
github.com/agglayer/aggkit/agglayer/types/types.go:64.45,66.2 1 0
github.com/agglayer/aggkit/agglayer/types/types.go:69.42,71.2 1 0
github.com/agglayer/aggkit/agglayer/types/types.go:74.67,76.41 2 7
github.com/agglayer/aggkit/agglayer/types/types.go:76.41,78.3 1 2
github.com/agglayer/aggkit/agglayer/types/types.go:80.2,80.16 1 7
github.com/agglayer/aggkit/agglayer/types/types.go:81.17,82.15 1 1
github.com/agglayer/aggkit/agglayer/types/types.go:83.17,84.15 1 2
github.com/agglayer/aggkit/agglayer/types/types.go:85.16,86.14 1 1
github.com/agglayer/aggkit/agglayer/types/types.go:87.19,88.17 1 1
github.com/agglayer/aggkit/agglayer/types/types.go:89.17,90.15 1 1
github.com/agglayer/aggkit/agglayer/types/types.go:91.10,94.65 2 1
github.com/agglayer/aggkit/agglayer/types/types.go:94.65,96.4 1 0
github.com/agglayer/aggkit/agglayer/types/types.go:96.9,98.4 1 1
github.com/agglayer/aggkit/agglayer/types/types.go:101.2,101.12 1 6
github.com/agglayer/aggkit/agglayer/types/types.go:114.57,116.2 1 1
github.com/agglayer/aggkit/agglayer/types/types.go:119.65,121.29 2 1
github.com/agglayer/aggkit/agglayer/types/types.go:121.29,123.3 1 0
github.com/agglayer/aggkit/agglayer/types/types.go:124.2,124.51 1 1
github.com/agglayer/aggkit/agglayer/types/types.go:124.51,126.3 1 0
github.com/agglayer/aggkit/agglayer/types/types.go:127.2,128.44 2 1
github.com/agglayer/aggkit/agglayer/types/types.go:128.44,130.3 1 0
github.com/agglayer/aggkit/agglayer/types/types.go:130.8,130.55 1 1
github.com/agglayer/aggkit/agglayer/types/types.go:130.55,132.3 1 1
github.com/agglayer/aggkit/agglayer/types/types.go:132.8,132.65 1 0
github.com/agglayer/aggkit/agglayer/types/types.go:132.65,134.3 1 0
github.com/agglayer/aggkit/agglayer/types/types.go:134.8,134.54 1 0
github.com/agglayer/aggkit/agglayer/types/types.go:134.54,136.3 1 0
github.com/agglayer/aggkit/agglayer/types/types.go:136.8,138.3 1 0
github.com/agglayer/aggkit/agglayer/types/types.go:140.2,140.37 1 1
github.com/agglayer/aggkit/agglayer/types/types.go:151.63,163.2 1 2
github.com/agglayer/aggkit/agglayer/types/types.go:166.66,172.51 2 2
github.com/agglayer/aggkit/agglayer/types/types.go:172.51,174.3 1 0
github.com/agglayer/aggkit/agglayer/types/types.go:176.2,177.12 2 2
github.com/agglayer/aggkit/agglayer/types/types.go:192.59,219.2 1 5
github.com/agglayer/aggkit/agglayer/types/types.go:222.62,233.51 2 5
github.com/agglayer/aggkit/agglayer/types/types.go:233.51,235.3 1 0
github.com/agglayer/aggkit/agglayer/types/types.go:237.2,244.12 7 5
github.com/agglayer/aggkit/agglayer/types/types.go:254.62,266.2 1 3
github.com/agglayer/aggkit/agglayer/types/types.go:269.65,275.51 2 3
github.com/agglayer/aggkit/agglayer/types/types.go:275.51,277.3 1 0
github.com/agglayer/aggkit/agglayer/types/types.go:278.2,279.12 2 3
github.com/agglayer/aggkit/agglayer/types/types.go:290.71,305.2 1 5
github.com/agglayer/aggkit/agglayer/types/types.go:308.74,315.51 2 5
github.com/agglayer/aggkit/agglayer/types/types.go:315.51,317.3 1 0
github.com/agglayer/aggkit/agglayer/types/types.go:318.2,320.12 3 5
github.com/agglayer/aggkit/agglayer/types/types.go:331.60,339.2 1 4
github.com/agglayer/aggkit/agglayer/types/types.go:342.63,347.51 2 4
github.com/agglayer/aggkit/agglayer/types/types.go:347.51,349.3 1 0
github.com/agglayer/aggkit/agglayer/types/types.go:351.2,354.12 3 4
github.com/agglayer/aggkit/agglayer/types/types.go:376.40,377.14 1 4
github.com/agglayer/aggkit/agglayer/types/types.go:377.14,379.3 1 1
github.com/agglayer/aggkit/agglayer/types/types.go:380.2,380.43 1 3
github.com/agglayer/aggkit/agglayer/types/types.go:380.43,381.47 1 1
github.com/agglayer/aggkit/agglayer/types/types.go:381.47,383.4 1 1
github.com/agglayer/aggkit/agglayer/types/types.go:385.2,385.59 1 2
github.com/agglayer/aggkit/agglayer/types/types.go:385.59,386.55 1 2
github.com/agglayer/aggkit/agglayer/types/types.go:386.55,388.4 1 2
github.com/agglayer/aggkit/agglayer/types/types.go:390.2,390.12 1 0
github.com/agglayer/aggkit/agglayer/types/types.go:394.56,406.51 2 1
github.com/agglayer/aggkit/agglayer/types/types.go:406.51,408.3 1 0
github.com/agglayer/aggkit/agglayer/types/types.go:410.2,420.12 10 1
github.com/agglayer/aggkit/agglayer/types/types.go:424.35,425.14 1 2
github.com/agglayer/aggkit/agglayer/types/types.go:425.14,427.3 1 1
github.com/agglayer/aggkit/agglayer/types/types.go:428.2,428.76 1 1
github.com/agglayer/aggkit/agglayer/types/types.go:432.38,433.14 1 0
github.com/agglayer/aggkit/agglayer/types/types.go:433.14,435.3 1 0
github.com/agglayer/aggkit/agglayer/types/types.go:436.2,440.12 2 0
github.com/agglayer/aggkit/agglayer/types/types.go:445.51,447.43 2 2
github.com/agglayer/aggkit/agglayer/types/types.go:447.43,449.3 1 3
github.com/agglayer/aggkit/agglayer/types/types.go:451.2,452.59 2 2
github.com/agglayer/aggkit/agglayer/types/types.go:452.59,454.3 1 4
github.com/agglayer/aggkit/agglayer/types/types.go:456.2,467.3 3 2
github.com/agglayer/aggkit/agglayer/types/types.go:472.54,473.39 1 4
github.com/agglayer/aggkit/agglayer/types/types.go:474.26,475.37 1 1
github.com/agglayer/aggkit/agglayer/types/types.go:477.38,478.32 1 2
github.com/agglayer/aggkit/agglayer/types/types.go:478.32,480.4 1 1
github.com/agglayer/aggkit/agglayer/types/types.go:483.2,483.38 1 2
github.com/agglayer/aggkit/agglayer/types/types.go:493.44,495.2 1 0
github.com/agglayer/aggkit/agglayer/types/types.go:498.69,501.40 2 0
github.com/agglayer/aggkit/agglayer/types/types.go:501.40,503.3 1 0
github.com/agglayer/aggkit/agglayer/types/types.go:505.2,505.48 1 0
github.com/agglayer/aggkit/agglayer/types/types.go:505.48,507.3 1 0
github.com/agglayer/aggkit/agglayer/types/types.go:509.2,510.22 2 0
github.com/agglayer/aggkit/agglayer/types/types.go:510.22,512.3 1 0
github.com/agglayer/aggkit/agglayer/types/types.go:514.2,517.3 1 0
github.com/agglayer/aggkit/agglayer/types/types.go:527.37,529.2 1 0
github.com/agglayer/aggkit/agglayer/types/types.go:538.38,539.14 1 41
github.com/agglayer/aggkit/agglayer/types/types.go:539.14,541.3 1 1
github.com/agglayer/aggkit/agglayer/types/types.go:542.2,542.12 1 40
github.com/agglayer/aggkit/agglayer/types/types.go:546.37,548.2 1 1
github.com/agglayer/aggkit/agglayer/types/types.go:558.43,560.2 1 0
github.com/agglayer/aggkit/agglayer/types/types.go:562.40,563.14 1 1
github.com/agglayer/aggkit/agglayer/types/types.go:563.14,565.3 1 1
github.com/agglayer/aggkit/agglayer/types/types.go:566.2,566.12 1 0
github.com/agglayer/aggkit/agglayer/types/types.go:570.39,572.2 1 3
github.com/agglayer/aggkit/agglayer/types/types.go:574.42,580.2 1 8
github.com/agglayer/aggkit/agglayer/types/types.go:582.75,584.16 2 7
github.com/agglayer/aggkit/agglayer/types/types.go:584.16,586.3 1 2
github.com/agglayer/aggkit/agglayer/types/types.go:588.2,589.16 2 5
github.com/agglayer/aggkit/agglayer/types/types.go:589.16,591.3 1 2
github.com/agglayer/aggkit/agglayer/types/types.go:593.2,594.16 2 3
github.com/agglayer/aggkit/agglayer/types/types.go:594.16,596.3 1 2
github.com/agglayer/aggkit/agglayer/types/types.go:598.2,602.12 4 1
github.com/agglayer/aggkit/agglayer/types/types.go:615.39,616.14 1 46
github.com/agglayer/aggkit/agglayer/types/types.go:616.14,618.3 1 3
github.com/agglayer/aggkit/agglayer/types/types.go:619.2,619.62 1 43
github.com/agglayer/aggkit/agglayer/types/types.go:619.62,621.3 1 1
github.com/agglayer/aggkit/agglayer/types/types.go:622.2,622.44 1 42
github.com/agglayer/aggkit/agglayer/types/types.go:622.44,624.3 1 1
github.com/agglayer/aggkit/agglayer/types/types.go:625.2,625.47 1 41
github.com/agglayer/aggkit/agglayer/types/types.go:625.47,627.3 1 1
github.com/agglayer/aggkit/agglayer/types/types.go:628.2,628.12 1 40
github.com/agglayer/aggkit/agglayer/types/types.go:631.38,636.24 2 3
github.com/agglayer/aggkit/agglayer/types/types.go:636.24,638.3 1 2
github.com/agglayer/aggkit/agglayer/types/types.go:638.8,640.3 1 1
github.com/agglayer/aggkit/agglayer/types/types.go:642.2,642.12 1 3
github.com/agglayer/aggkit/agglayer/types/types.go:646.41,647.25 1 41
github.com/agglayer/aggkit/agglayer/types/types.go:647.25,649.3 1 2
github.com/agglayer/aggkit/agglayer/types/types.go:650.2,650.21 1 39
github.com/agglayer/aggkit/agglayer/types/types.go:650.21,652.3 1 1
github.com/agglayer/aggkit/agglayer/types/types.go:654.2,655.28 2 39
github.com/agglayer/aggkit/agglayer/types/types.go:655.28,657.3 1 26
github.com/agglayer/aggkit/agglayer/types/types.go:659.2,667.3 1 39
github.com/agglayer/aggkit/agglayer/types/types.go:671.52,674.25 2 13
github.com/agglayer/aggkit/agglayer/types/types.go:674.25,676.3 1 5
github.com/agglayer/aggkit/agglayer/types/types.go:676.8,678.3 1 8
github.com/agglayer/aggkit/agglayer/types/types.go:680.2,694.4 1 13
github.com/agglayer/aggkit/agglayer/types/types.go:697.55,707.51 2 6
github.com/agglayer/aggkit/agglayer/types/types.go:707.51,709.3 1 0
github.com/agglayer/aggkit/agglayer/types/types.go:710.2,715.43 6 6
github.com/agglayer/aggkit/agglayer/types/types.go:715.43,718.79 3 4
github.com/agglayer/aggkit/agglayer/types/types.go:718.79,721.4 2 0
github.com/agglayer/aggkit/agglayer/types/types.go:722.3,723.10 2 4
github.com/agglayer/aggkit/agglayer/types/types.go:723.10,725.4 1 0
github.com/agglayer/aggkit/agglayer/types/types.go:728.2,728.40 1 6
github.com/agglayer/aggkit/agglayer/types/types.go:728.40,730.3 1 2
github.com/agglayer/aggkit/agglayer/types/types.go:730.8,732.3 1 4
github.com/agglayer/aggkit/agglayer/types/types.go:733.2,733.12 1 6
github.com/agglayer/aggkit/agglayer/types/types.go:743.53,753.2 1 20
github.com/agglayer/aggkit/agglayer/types/types.go:755.56,761.51 2 15
github.com/agglayer/aggkit/agglayer/types/types.go:761.51,763.3 1 0
github.com/agglayer/aggkit/agglayer/types/types.go:764.2,766.12 3 15
github.com/agglayer/aggkit/agglayer/types/types.go:770.42,773.32 2 18
github.com/agglayer/aggkit/agglayer/types/types.go:773.32,775.3 1 576
github.com/agglayer/aggkit/agglayer/types/types.go:777.2,780.3 1 18
github.com/agglayer/aggkit/agglayer/types/types.go:783.39,785.2 1 11
github.com/agglayer/aggkit/agglayer/types/types.go:795.50,801.2 1 23
github.com/agglayer/aggkit/agglayer/types/types.go:803.47,806.2 1 3
github.com/agglayer/aggkit/agglayer/types/types.go:817.45,819.2 1 23
github.com/agglayer/aggkit/agglayer/types/types.go:821.42,828.2 1 3
github.com/agglayer/aggkit/agglayer/types/types.go:830.43,831.14 1 9
github.com/agglayer/aggkit/agglayer/types/types.go:831.14,833.3 1 1
github.com/agglayer/aggkit/agglayer/types/types.go:834.2,834.20 1 8
github.com/agglayer/aggkit/agglayer/types/types.go:834.20,836.3 1 1
github.com/agglayer/aggkit/agglayer/types/types.go:837.2,837.12 1 7
github.com/agglayer/aggkit/agglayer/types/types.go:870.61,871.14 1 0
github.com/agglayer/aggkit/agglayer/types/types.go:871.14,873.3 1 0
github.com/agglayer/aggkit/agglayer/types/types.go:874.2,875.48 1 0
github.com/agglayer/aggkit/agglayer/types/types.go:895.41,897.2 1 1
github.com/agglayer/aggkit/agglayer/types/types.go:900.58,910.2 1 6
github.com/agglayer/aggkit/agglayer/types/types.go:912.61,913.29 1 5
github.com/agglayer/aggkit/agglayer/types/types.go:913.29,915.3 1 0
github.com/agglayer/aggkit/agglayer/types/types.go:917.2,924.57 2 5
github.com/agglayer/aggkit/agglayer/types/types.go:924.57,926.3 1 0
github.com/agglayer/aggkit/agglayer/types/types.go:927.2,931.12 4 5
github.com/agglayer/aggkit/agglayer/types/types.go:935.47,936.25 1 8
github.com/agglayer/aggkit/agglayer/types/types.go:936.25,938.3 1 2
github.com/agglayer/aggkit/agglayer/types/types.go:939.2,943.3 1 6
github.com/agglayer/aggkit/agglayer/types/types.go:946.44,949.2 1 0
github.com/agglayer/aggkit/agglayer/types/types.go:951.45,952.14 1 8
github.com/agglayer/aggkit/agglayer/types/types.go:952.14,954.3 1 1
github.com/agglayer/aggkit/agglayer/types/types.go:955.2,955.56 1 7
github.com/agglayer/aggkit/agglayer/types/types.go:955.56,957.3 1 1
github.com/agglayer/aggkit/agglayer/types/types.go:958.2,958.44 1 6
github.com/agglayer/aggkit/agglayer/types/types.go:958.44,960.3 1 0
github.com/agglayer/aggkit/agglayer/types/types.go:961.2,961.12 1 6
github.com/agglayer/aggkit/agglayer/types/types.go:965.111,966.55 1 5
github.com/agglayer/aggkit/agglayer/types/types.go:966.55,970.3 1 1
github.com/agglayer/aggkit/agglayer/types/types.go:972.2,972.53 1 4
github.com/agglayer/aggkit/agglayer/types/types.go:972.53,976.3 1 1
github.com/agglayer/aggkit/agglayer/types/types.go:978.2,979.47 1 3
github.com/agglayer/aggkit/agglayer/types/types.go:979.47,983.3 1 1
github.com/agglayer/aggkit/agglayer/types/types.go:985.2,986.66 1 2
github.com/agglayer/aggkit/agglayer/types/types.go:986.66,990.3 1 1
github.com/agglayer/aggkit/agglayer/types/types.go:992.2,992.12 1 1
github.com/agglayer/aggkit/agglayer/types/types.go:1004.40,1006.2 1 1
github.com/agglayer/aggkit/agglayer/types/types.go:1009.57,1020.2 1 4
github.com/agglayer/aggkit/agglayer/types/types.go:1022.60,1023.29 1 3
github.com/agglayer/aggkit/agglayer/types/types.go:1023.29,1025.3 1 0
github.com/agglayer/aggkit/agglayer/types/types.go:1027.2,1036.57 2 3
github.com/agglayer/aggkit/agglayer/types/types.go:1036.57,1038.3 1 0
github.com/agglayer/aggkit/agglayer/types/types.go:1039.2,1044.12 5 3
github.com/agglayer/aggkit/agglayer/types/types.go:1048.46,1049.25 1 4
github.com/agglayer/aggkit/agglayer/types/types.go:1049.25,1051.3 1 2
github.com/agglayer/aggkit/agglayer/types/types.go:1052.2,1057.3 1 2
github.com/agglayer/aggkit/agglayer/types/types.go:1060.44,1061.14 1 4
github.com/agglayer/aggkit/agglayer/types/types.go:1061.14,1063.3 1 1
github.com/agglayer/aggkit/agglayer/types/types.go:1064.2,1064.82 1 3
github.com/agglayer/aggkit/agglayer/types/types.go:1064.82,1066.3 1 1
github.com/agglayer/aggkit/agglayer/types/types.go:1067.2,1067.21 1 2
github.com/agglayer/aggkit/agglayer/types/types.go:1067.21,1069.3 1 0
github.com/agglayer/aggkit/agglayer/types/types.go:1070.2,1070.12 1 2
github.com/agglayer/aggkit/agglayer/types/types.go:1073.43,1076.2 1 0
github.com/agglayer/aggkit/agglayer/types/types.go:1079.85,1080.55 1 6
github.com/agglayer/aggkit/agglayer/types/types.go:1080.55,1084.3 1 1
github.com/agglayer/aggkit/agglayer/types/types.go:1086.2,1086.53 1 5
github.com/agglayer/aggkit/agglayer/types/types.go:1086.53,1090.3 1 1
github.com/agglayer/aggkit/agglayer/types/types.go:1092.2,1093.47 1 4
github.com/agglayer/aggkit/agglayer/types/types.go:1093.47,1097.3 1 1
github.com/agglayer/aggkit/agglayer/types/types.go:1099.2,1100.66 1 3
github.com/agglayer/aggkit/agglayer/types/types.go:1100.66,1104.3 1 1
github.com/agglayer/aggkit/agglayer/types/types.go:1106.2,1106.120 1 2
github.com/agglayer/aggkit/agglayer/types/types.go:1106.120,1110.3 1 2
github.com/agglayer/aggkit/agglayer/types/types.go:1112.2,1112.12 1 0
github.com/agglayer/aggkit/agglayer/types/types.go:1120.43,1122.2 1 8
github.com/agglayer/aggkit/agglayer/types/types.go:1124.58,1126.29 2 8
github.com/agglayer/aggkit/agglayer/types/types.go:1126.29,1128.3 1 3
github.com/agglayer/aggkit/agglayer/types/types.go:1129.2,1129.51 1 5
github.com/agglayer/aggkit/agglayer/types/types.go:1129.51,1131.3 1 0
github.com/agglayer/aggkit/agglayer/types/types.go:1132.2,1133.32 2 5
github.com/agglayer/aggkit/agglayer/types/types.go:1133.32,1135.3 1 3
github.com/agglayer/aggkit/agglayer/types/types.go:1135.8,1135.38 1 2
github.com/agglayer/aggkit/agglayer/types/types.go:1135.38,1137.3 1 2
github.com/agglayer/aggkit/agglayer/types/types.go:1137.8,1139.3 1 0
github.com/agglayer/aggkit/agglayer/types/types.go:1141.2,1141.37 1 5
github.com/agglayer/aggkit/agglayer/types/types.go:1151.46,1154.25 2 0
github.com/agglayer/aggkit/agglayer/types/types.go:1154.25,1156.3 1 0
github.com/agglayer/aggkit/agglayer/types/types.go:1156.8,1158.3 1 0
github.com/agglayer/aggkit/agglayer/types/types.go:1160.2,1160.26 1 0
github.com/agglayer/aggkit/agglayer/types/types.go:1160.26,1162.3 1 0
github.com/agglayer/aggkit/agglayer/types/types.go:1162.8,1164.3 1 0
github.com/agglayer/aggkit/agglayer/types/types.go:1165.2,1165.24 1 0
github.com/agglayer/aggkit/agglayer/types/types.go:1165.24,1167.3 1 0
github.com/agglayer/aggkit/agglayer/types/types.go:1167.8,1169.3 1 0
github.com/agglayer/aggkit/agglayer/types/types.go:1171.2,1171.12 1 0
github.com/agglayer/aggkit/agglayer/types/types.go:1174.63,1180.51 2 8
github.com/agglayer/aggkit/agglayer/types/types.go:1180.51,1182.3 1 0
github.com/agglayer/aggkit/agglayer/types/types.go:1183.2,1186.12 4 8
github.com/agglayer/aggkit/agglayer/types/types.go:1190.49,1196.2 1 8
github.com/agglayer/aggkit/agglayer/types/types.go:1198.47,1199.14 1 4
github.com/agglayer/aggkit/agglayer/types/types.go:1199.14,1201.3 1 2
github.com/agglayer/aggkit/agglayer/types/types.go:1202.2,1202.48 1 2
github.com/agglayer/aggkit/agglayer/types/types.go:1202.48,1204.3 1 1
github.com/agglayer/aggkit/agglayer/types/types.go:1205.2,1205.49 1 1
github.com/agglayer/aggkit/agglayer/types/types.go:1205.49,1207.3 1 1
github.com/agglayer/aggkit/agglayer/types/types.go:1208.2,1208.12 1 0
github.com/agglayer/aggkit/agglayer/types/types.go:1212.85,1213.14 1 11
github.com/agglayer/aggkit/agglayer/types/types.go:1213.14,1215.3 1 0
github.com/agglayer/aggkit/agglayer/types/types.go:1217.2,1217.24 1 11
github.com/agglayer/aggkit/agglayer/types/types.go:1217.24,1219.3 1 0
github.com/agglayer/aggkit/agglayer/types/types.go:1221.2,1221.34 1 11
github.com/agglayer/aggkit/agglayer/types/types.go:1222.25,1223.111 1 5
github.com/agglayer/aggkit/agglayer/types/types.go:1223.111,1225.4 1 4
github.com/agglayer/aggkit/agglayer/types/types.go:1226.3,1226.13 1 1
github.com/agglayer/aggkit/agglayer/types/types.go:1227.24,1229.68 1 6
github.com/agglayer/aggkit/agglayer/types/types.go:1229.68,1231.4 1 6
github.com/agglayer/aggkit/agglayer/types/types.go:1232.3,1232.13 1 0
github.com/agglayer/aggkit/agglayer/types/types.go:1233.10,1234.80 1 0
github.com/agglayer/aggkit/agglayer/types/types.go:1239.70,1247.2 1 0
github.com/agglayer/aggkit/agglayer/types/types.go:1256.39,1258.2 1 1
github.com/agglayer/aggkit/agglayer/types/types.go:1276.41,1277.14 1 2
github.com/agglayer/aggkit/agglayer/types/types.go:1277.14,1279.3 1 1
github.com/agglayer/aggkit/agglayer/types/types.go:1280.2,1280.65 1 1
github.com/agglayer/aggkit/agglayer/types/types.go:1284.51,1285.14 1 0
github.com/agglayer/aggkit/agglayer/types/types.go:1285.14,1287.3 1 0
github.com/agglayer/aggkit/agglayer/types/types.go:1288.2,1288.26 1 0
github.com/agglayer/aggkit/agglayer/types/types.go:1291.45,1292.14 1 2
github.com/agglayer/aggkit/agglayer/types/types.go:1292.14,1294.3 1 1
github.com/agglayer/aggkit/agglayer/types/types.go:1295.2,1296.20 2 1
github.com/agglayer/aggkit/agglayer/types/types.go:1296.20,1298.3 1 0
github.com/agglayer/aggkit/agglayer/types/types.go:1299.2,1300.36 2 1
github.com/agglayer/aggkit/agglayer/types/types.go:1300.36,1302.3 1 0
github.com/agglayer/aggkit/agglayer/types/types.go:1303.2,1304.31 2 1
github.com/agglayer/aggkit/agglayer/types/types.go:1304.31,1306.3 1 0
github.com/agglayer/aggkit/agglayer/types/types.go:1307.2,1310.28 1 1
github.com/agglayer/aggkit/agglayer/types/types.go:1313.62,1323.51 3 1
github.com/agglayer/aggkit/agglayer/types/types.go:1323.51,1325.3 1 0
github.com/agglayer/aggkit/agglayer/types/types.go:1328.2,1328.37 1 1
github.com/agglayer/aggkit/agglayer/types/types.go:1329.14,1330.64 1 0
github.com/agglayer/aggkit/agglayer/types/types.go:1330.64,1332.4 1 0
github.com/agglayer/aggkit/agglayer/types/types.go:1333.30,1335.17 2 1
github.com/agglayer/aggkit/agglayer/types/types.go:1335.17,1337.4 1 0
github.com/agglayer/aggkit/agglayer/types/types.go:1339.3,1340.17 2 1
github.com/agglayer/aggkit/agglayer/types/types.go:1340.17,1342.4 1 0
github.com/agglayer/aggkit/agglayer/types/types.go:1344.3,1346.49 2 1
github.com/agglayer/aggkit/agglayer/types/types.go:1346.49,1347.66 1 1
github.com/agglayer/aggkit/agglayer/types/types.go:1347.66,1353.5 1 0
github.com/agglayer/aggkit/agglayer/types/types.go:1353.10,1355.5 1 1
github.com/agglayer/aggkit/agglayer/types/types.go:1358.3,1359.24 2 1
github.com/agglayer/aggkit/agglayer/types/types.go:1360.10,1361.43 1 0
github.com/agglayer/aggkit/agglayer/types/types.go:1364.2,1364.12 1 1
github.com/agglayer/aggkit/agglayer/types/types.go:1368.81,1370.9 2 29
github.com/agglayer/aggkit/agglayer/types/types.go:1370.9,1373.3 2 7
github.com/agglayer/aggkit/agglayer/types/types.go:1376.2,1376.41 1 22
github.com/agglayer/aggkit/agglayer/types/types.go:1376.41,1378.3 1 15
github.com/agglayer/aggkit/agglayer/types/types.go:1381.2,1385.118 3 7
github.com/agglayer/aggkit/agglayer/types/types.go:1385.118,1387.17 2 0
github.com/agglayer/aggkit/agglayer/types/types.go:1387.17,1389.4 1 0
github.com/agglayer/aggkit/agglayer/types/types.go:1390.3,1390.33 1 0
github.com/agglayer/aggkit/agglayer/types/types.go:1393.2,1393.77 1 7
github.com/agglayer/aggkit/agglayer/types/types.go:1397.82,1398.27 1 13
github.com/agglayer/aggkit/agglayer/types/types.go:1399.19,1400.25 1 1
github.com/agglayer/aggkit/agglayer/types/types.go:1401.20,1402.26 1 1
github.com/agglayer/aggkit/agglayer/types/types.go:1403.21,1404.27 1 1
github.com/agglayer/aggkit/agglayer/types/types.go:1405.21,1406.27 1 1
github.com/agglayer/aggkit/agglayer/types/types.go:1407.21,1408.27 1 1
github.com/agglayer/aggkit/agglayer/types/types.go:1409.20,1410.26 1 1
github.com/agglayer/aggkit/agglayer/types/types.go:1411.21,1412.27 1 1
github.com/agglayer/aggkit/agglayer/types/types.go:1413.22,1414.28 1 1
github.com/agglayer/aggkit/agglayer/types/types.go:1415.22,1416.28 1 1
github.com/agglayer/aggkit/agglayer/types/types.go:1417.22,1418.28 1 1
github.com/agglayer/aggkit/agglayer/types/types.go:1419.23,1420.29 1 1
github.com/agglayer/aggkit/agglayer/types/types.go:1421.23,1422.20 1 1
github.com/agglayer/aggkit/agglayer/types/types.go:1423.10,1424.67 1 1
github.com/agglayer/aggkit/agglayer/types/types.go:1435.45,1437.2 1 0
github.com/agglayer/aggkit/aggsender/trigger/epoch_notifier_per_block.go:21.47,23.2 1 1
github.com/agglayer/aggkit/aggsender/trigger/epoch_notifier_per_block.go:36.55,37.14 1 10
github.com/agglayer/aggkit/aggsender/trigger/epoch_notifier_per_block.go:37.14,39.3 1 1
github.com/agglayer/aggkit/aggsender/trigger/epoch_notifier_per_block.go:40.2,41.75 1 9
github.com/agglayer/aggkit/aggsender/trigger/epoch_notifier_per_block.go:46.74,47.27 1 7
github.com/agglayer/aggkit/aggsender/trigger/epoch_notifier_per_block.go:47.27,49.3 1 1
github.com/agglayer/aggkit/aggsender/trigger/epoch_notifier_per_block.go:50.2,51.16 2 6
github.com/agglayer/aggkit/aggsender/trigger/epoch_notifier_per_block.go:51.16,53.3 1 3
github.com/agglayer/aggkit/aggsender/trigger/epoch_notifier_per_block.go:54.2,58.8 1 3
github.com/agglayer/aggkit/aggsender/trigger/epoch_notifier_per_block.go:61.56,62.29 1 14
github.com/agglayer/aggkit/aggsender/trigger/epoch_notifier_per_block.go:62.29,64.3 1 0
github.com/agglayer/aggkit/aggsender/trigger/epoch_notifier_per_block.go:65.2,65.49 1 14
github.com/agglayer/aggkit/aggsender/trigger/epoch_notifier_per_block.go:65.49,67.3 1 0
github.com/agglayer/aggkit/aggsender/trigger/epoch_notifier_per_block.go:68.2,68.12 1 14
github.com/agglayer/aggkit/aggsender/trigger/epoch_notifier_per_block.go:84.91,85.23 1 14
github.com/agglayer/aggkit/aggsender/trigger/epoch_notifier_per_block.go:85.23,87.3 1 14
github.com/agglayer/aggkit/aggsender/trigger/epoch_notifier_per_block.go:89.2,90.16 2 14
github.com/agglayer/aggkit/aggsender/trigger/epoch_notifier_per_block.go:90.16,92.3 1 0
github.com/agglayer/aggkit/aggsender/trigger/epoch_notifier_per_block.go:93.2,99.8 1 14
github.com/agglayer/aggkit/aggsender/trigger/epoch_notifier_per_block.go:102.49,104.2 1 0
github.com/agglayer/aggkit/aggsender/trigger/epoch_notifier_per_block.go:107.65,110.2 2 2
github.com/agglayer/aggkit/aggsender/trigger/epoch_notifier_per_block.go:113.60,116.2 2 0
github.com/agglayer/aggkit/aggsender/trigger/epoch_notifier_per_block.go:119.75,125.2 2 1
github.com/agglayer/aggkit/aggsender/trigger/epoch_notifier_per_block.go:127.58,135.2 4 2
github.com/agglayer/aggkit/aggsender/trigger/epoch_notifier_per_block.go:138.59,143.6 2 2
github.com/agglayer/aggkit/aggsender/trigger/epoch_notifier_per_block.go:143.6,144.10 1 3
github.com/agglayer/aggkit/aggsender/trigger/epoch_notifier_per_block.go:145.21,146.10 1 0
github.com/agglayer/aggkit/aggsender/trigger/epoch_notifier_per_block.go:147.43,150.20 3 1
github.com/agglayer/aggkit/aggsender/trigger/epoch_notifier_per_block.go:150.20,153.5 2 1
github.com/agglayer/aggkit/aggsender/trigger/epoch_notifier_per_block.go:164.83,166.48 2 9
github.com/agglayer/aggkit/aggsender/trigger/epoch_notifier_per_block.go:166.48,171.3 2 1
github.com/agglayer/aggkit/aggsender/trigger/epoch_notifier_per_block.go:173.2,173.42 1 8
github.com/agglayer/aggkit/aggsender/trigger/epoch_notifier_per_block.go:173.42,175.3 1 0
github.com/agglayer/aggkit/aggsender/trigger/epoch_notifier_per_block.go:176.2,181.16 5 8
github.com/agglayer/aggkit/aggsender/trigger/epoch_notifier_per_block.go:181.16,183.3 1 4
github.com/agglayer/aggkit/aggsender/trigger/epoch_notifier_per_block.go:184.2,187.16 2 8
github.com/agglayer/aggkit/aggsender/trigger/epoch_notifier_per_block.go:187.16,195.3 3 4
github.com/agglayer/aggkit/aggsender/trigger/epoch_notifier_per_block.go:196.2,196.20 1 4
github.com/agglayer/aggkit/aggsender/trigger/epoch_notifier_per_block.go:199.103,204.2 2 6
github.com/agglayer/aggkit/aggsender/trigger/epoch_notifier_per_block.go:205.75,210.2 4 19
github.com/agglayer/aggkit/aggsender/trigger/epoch_notifier_per_block.go:211.111,215.43 4 10
github.com/agglayer/aggkit/aggsender/trigger/epoch_notifier_per_block.go:215.43,217.3 1 1
github.com/agglayer/aggkit/aggsender/trigger/epoch_notifier_per_block.go:218.2,218.37 1 10
github.com/agglayer/aggkit/aggsender/trigger/epoch_notifier_per_block.go:218.37,220.3 1 3
github.com/agglayer/aggkit/aggsender/trigger/epoch_notifier_per_block.go:221.2,222.67 2 7
github.com/agglayer/aggkit/aggsender/trigger/epoch_notifier_per_block.go:225.73,226.16 1 28
github.com/agglayer/aggkit/aggsender/trigger/epoch_notifier_per_block.go:226.16,228.3 1 1
github.com/agglayer/aggkit/aggsender/trigger/epoch_notifier_per_block.go:229.2,229.88 1 27
github.com/agglayer/aggkit/aggsender/trigger/epoch_notifier_per_block.go:232.68,234.2 1 6
github.com/agglayer/aggkit/aggsender/trigger/epoch_notifier_per_block.go:235.73,236.48 1 54
github.com/agglayer/aggkit/aggsender/trigger/epoch_notifier_per_block.go:236.48,238.3 1 3
github.com/agglayer/aggkit/aggsender/trigger/epoch_notifier_per_block.go:239.2,239.95 1 51
github.com/agglayer/aggkit/aggsender/trigger/factory.go:27.89,29.35 2 4
github.com/agglayer/aggkit/aggsender/trigger/factory.go:29.35,32.17 3 3
github.com/agglayer/aggkit/aggsender/trigger/factory.go:32.17,34.4 1 0
github.com/agglayer/aggkit/aggsender/trigger/factory.go:35.3,35.111 1 3
github.com/agglayer/aggkit/aggsender/trigger/factory.go:38.2,38.14 1 4
github.com/agglayer/aggkit/aggsender/trigger/factory.go:39.34,43.9 1 1
github.com/agglayer/aggkit/aggsender/trigger/factory.go:44.35,51.4 1 2
github.com/agglayer/aggkit/aggsender/trigger/factory.go:52.29,57.4 1 1
github.com/agglayer/aggkit/aggsender/trigger/factory.go:58.10,59.63 1 0
github.com/agglayer/aggkit/aggsender/trigger/factory.go:65.45,66.14 1 3
github.com/agglayer/aggkit/aggsender/trigger/factory.go:67.27,68.41 1 1
github.com/agglayer/aggkit/aggsender/trigger/factory.go:69.59,70.42 1 2
github.com/agglayer/aggkit/aggsender/trigger/factory.go:71.22,72.94 1 0
github.com/agglayer/aggkit/aggsender/trigger/factory.go:73.10,74.58 1 0
github.com/agglayer/aggkit/aggsender/trigger/trigger_asap.go:23.44,24.14 1 2
github.com/agglayer/aggkit/aggsender/trigger/trigger_asap.go:24.14,26.3 1 2
github.com/agglayer/aggkit/aggsender/trigger/trigger_asap.go:27.2,28.21 2 0
github.com/agglayer/aggkit/aggsender/trigger/trigger_asap.go:28.21,30.3 1 0
github.com/agglayer/aggkit/aggsender/trigger/trigger_asap.go:30.8,32.3 1 0
github.com/agglayer/aggkit/aggsender/trigger/trigger_asap.go:33.2,33.12 1 0
github.com/agglayer/aggkit/aggsender/trigger/trigger_asap.go:53.59,54.16 1 5
github.com/agglayer/aggkit/aggsender/trigger/trigger_asap.go:54.16,56.3 1 3
github.com/agglayer/aggkit/aggsender/trigger/trigger_asap.go:57.2,57.46 1 5
github.com/agglayer/aggkit/aggsender/trigger/trigger_asap.go:57.46,59.3 1 0
github.com/agglayer/aggkit/aggsender/trigger/trigger_asap.go:60.2,64.8 1 5
github.com/agglayer/aggkit/aggsender/trigger/trigger_asap.go:66.51,67.2 0 0
github.com/agglayer/aggkit/aggsender/trigger/trigger_asap.go:69.39,71.2 1 1
github.com/agglayer/aggkit/aggsender/trigger/trigger_asap.go:73.91,84.2 9 3
github.com/agglayer/aggkit/aggsender/trigger/trigger_asap.go:86.63,87.51 1 3
github.com/agglayer/aggkit/aggsender/trigger/trigger_asap.go:87.51,89.3 1 3
github.com/agglayer/aggkit/aggsender/trigger/trigger_asap.go:90.2,92.12 3 0
github.com/agglayer/aggkit/aggsender/trigger/trigger_asap.go:92.12,93.7 1 0
github.com/agglayer/aggkit/aggsender/trigger/trigger_asap.go:93.7,94.11 1 0
github.com/agglayer/aggkit/aggsender/trigger/trigger_asap.go:95.22,96.11 1 0
github.com/agglayer/aggkit/aggsender/trigger/trigger_asap.go:97.36,98.31 1 0
github.com/agglayer/aggkit/aggsender/trigger/trigger_asap.go:105.43,106.17 1 2
github.com/agglayer/aggkit/aggsender/trigger/trigger_asap.go:106.17,109.3 2 1
github.com/agglayer/aggkit/aggsender/trigger/trigger_asap.go:110.2,114.15 5 1
github.com/agglayer/aggkit/aggsender/trigger/trigger_asap.go:116.52,118.17 1 0
github.com/agglayer/aggkit/aggsender/trigger/trigger_asap.go:118.17,121.3 2 0
github.com/agglayer/aggkit/aggsender/trigger/trigger_asap.go:124.2,124.33 1 0
github.com/agglayer/aggkit/aggsender/trigger/trigger_asap.go:124.33,127.3 2 0
github.com/agglayer/aggkit/aggsender/trigger/trigger_asap.go:128.2,129.12 2 0
github.com/agglayer/aggkit/aggsender/trigger/trigger_asap.go:129.12,131.3 1 0
github.com/agglayer/aggkit/aggsender/trigger/trigger_asap.go:135.32,137.17 1 2
github.com/agglayer/aggkit/aggsender/trigger/trigger_asap.go:137.17,140.3 2 0
github.com/agglayer/aggkit/aggsender/trigger/trigger_asap.go:143.2,143.33 1 2
github.com/agglayer/aggkit/aggsender/trigger/trigger_asap.go:143.33,146.3 2 0
github.com/agglayer/aggkit/aggsender/trigger/trigger_asap.go:147.2,149.12 2 2
github.com/agglayer/aggkit/aggsender/trigger/trigger_asap.go:149.12,150.10 1 2
github.com/agglayer/aggkit/aggsender/trigger/trigger_asap.go:151.23,157.10 6 1
github.com/agglayer/aggkit/aggsender/trigger/trigger_asap.go:158.62,159.26 1 1
github.com/agglayer/aggkit/aggsender/trigger/trigger_asap.go:164.72,174.2 8 2
github.com/agglayer/aggkit/aggsender/trigger/trigger_asap.go:178.94,185.2 2 3
github.com/agglayer/aggkit/aggsender/trigger/trigger_asap.go:189.71,190.55 1 5
github.com/agglayer/aggkit/aggsender/trigger/trigger_asap.go:190.55,192.3 1 0
github.com/agglayer/aggkit/aggsender/trigger/trigger_asap.go:193.2,193.12 1 5
github.com/agglayer/aggkit/aggsender/trigger/trigger_asap.go:193.12,194.10 1 5
github.com/agglayer/aggkit/aggsender/trigger/trigger_asap.go:195.23,196.10 1 4
github.com/agglayer/aggkit/aggsender/trigger/trigger_asap.go:197.67,199.36 1 1
github.com/agglayer/aggkit/aggsender/trigger/trigger_asap.go:199.36,203.5 2 0
github.com/agglayer/aggkit/aggsender/trigger/trigger_asap.go:206.4,210.73 4 1
github.com/agglayer/aggkit/aggsender/trigger/trigger_asap.go:210.73,214.5 2 0
github.com/agglayer/aggkit/aggsender/trigger/trigger_asap.go:216.4,218.35 2 1
github.com/agglayer/aggkit/aggsender/trigger/trigger_asap.go:224.60,228.32 4 3
github.com/agglayer/aggkit/aggsender/trigger/trigger_asap.go:228.32,230.3 1 2
github.com/agglayer/aggkit/aggsender/trigger/trigger_asap.go:231.2,231.20 1 3
github.com/agglayer/aggkit/aggsender/trigger/trigger_by_bridge.go:32.19,37.2 1 8
github.com/agglayer/aggkit/aggsender/trigger/trigger_by_bridge.go:41.42,43.2 1 1
github.com/agglayer/aggkit/aggsender/trigger/trigger_by_bridge.go:45.54,48.2 0 1
github.com/agglayer/aggkit/aggsender/trigger/trigger_by_bridge.go:53.94,59.12 4 4
github.com/agglayer/aggkit/aggsender/trigger/trigger_by_bridge.go:59.12,60.7 1 4
github.com/agglayer/aggkit/aggsender/trigger/trigger_by_bridge.go:60.7,61.11 1 8
github.com/agglayer/aggkit/aggsender/trigger/trigger_by_bridge.go:62.22,66.11 3 4
github.com/agglayer/aggkit/aggsender/trigger/trigger_by_bridge.go:67.33,68.21 1 4
github.com/agglayer/aggkit/aggsender/trigger/trigger_by_bridge.go:73.2,73.11 1 4
github.com/agglayer/aggkit/aggsender/trigger/trigger_by_bridge.go:77.46,79.16 2 1
github.com/agglayer/aggkit/aggsender/trigger/trigger_by_bridge.go:79.16,82.3 2 0
github.com/agglayer/aggkit/aggsender/trigger/trigger_by_bridge.go:83.2,83.17 1 1
github.com/agglayer/aggkit/aggsender/trigger/trigger_by_bridge.go:83.17,85.3 1 0
github.com/agglayer/aggkit/aggsender/trigger/trigger_by_bridge.go:86.2,86.44 1 1
github.com/agglayer/aggkit/aggsender/trigger/trigger_by_bridge.go:90.36,91.2 0 0
github.com/agglayer/aggkit/aggsender/trigger/trigger_by_epoch.go:46.79,54.16 2 4
github.com/agglayer/aggkit/aggsender/trigger/trigger_by_epoch.go:54.16,56.3 1 0
github.com/agglayer/aggkit/aggsender/trigger/trigger_by_epoch.go:59.2,61.16 2 4
github.com/agglayer/aggkit/aggsender/trigger/trigger_by_epoch.go:61.16,63.3 1 2
github.com/agglayer/aggkit/aggsender/trigger/trigger_by_epoch.go:66.2,70.16 2 2
github.com/agglayer/aggkit/aggsender/trigger/trigger_by_epoch.go:70.16,72.3 1 0
github.com/agglayer/aggkit/aggsender/trigger/trigger_by_epoch.go:74.2,77.8 1 2
github.com/agglayer/aggkit/aggsender/trigger/trigger_by_epoch.go:82.45,84.2 1 1
github.com/agglayer/aggkit/aggsender/trigger/trigger_by_epoch.go:89.97,92.12 3 4
github.com/agglayer/aggkit/aggsender/trigger/trigger_by_epoch.go:92.12,93.7 1 4
github.com/agglayer/aggkit/aggsender/trigger/trigger_by_epoch.go:93.7,94.11 1 9
github.com/agglayer/aggkit/aggsender/trigger/trigger_by_epoch.go:95.22,97.11 2 4
github.com/agglayer/aggkit/aggsender/trigger/trigger_by_epoch.go:98.34,99.21 1 5
github.com/agglayer/aggkit/aggsender/trigger/trigger_by_epoch.go:104.2,104.11 1 4
github.com/agglayer/aggkit/aggsender/trigger/trigger_by_epoch.go:110.56,115.2 4 1
github.com/agglayer/aggkit/aggsender/trigger/trigger_by_epoch.go:118.49,120.2 1 1
github.com/agglayer/aggkit/aggsender/trigger/trigger_by_epoch.go:123.39,124.2 0 0
